Workbook

Sheet Read Me
B1: KPI Tracker: how this sheet works
B2: Built and refreshed by KPI Copilot 2.1.0. Every run updates this same sheet; what you typed in yellow cells is read back first and kept.
B4: Tabs
B5: Dashboard: totals per period and KPI results with coloured bars. Nothing to type here.
B6: Config: project details, counting rules, KPI targets, and the project dates used when a period or task has none.
B7: Periods: one row per KPI period with its dates, notes and PMS period ID.
B8: Task Register: every planned task and additional request, with the evidence behind each Yes/No.
B9: Defect Register: every bug, observation or improvement, including rejected ones.
B10: KPI Summary: the nine PMS KPIs per period, the facts behind each number, your reason, and the note that goes to PMS.
B11: Open Questions: what the sources could not answer. Answer in the yellow cell; the next run keeps it.
B12: Run Log: which sources this run read, which it did not, and how long it took.
B13: PMS Push Log: what was sent to PMS and when.
... B28: Initial Scope, Additional Requests 1, 2 ..., Milestone 1, 2 ..., Full Project (25 characters at most).

Sheet Dashboard
A1: ="KPI Dashboard: "&Config!$C$4
A2: ="PMS project "&Config!$C$6&" · Velocity in "&Config!$C$18&" · Data pulled 2026-09-18 · Everything here is calculated from the other tabs."
A4: Work and issues by period
A5: # | B5: Period | C5: Delivered | D5: Not delivered yet | E5: Planned tasks | F5: Additional requests | G5: Completed | H5: Issues reported | I5: Bugs counted | J5: Rejected | K5: Found after handover | L5: Reopened | M5: Client date | N5: Commit date | O5: Handed over | Q5: Delivered (green) vs not yet (grey) | R5: Bugs (red) vs other issues (orange)
A6: =IF($B6="","",ROW()-5) | B6: =IFERROR(INDEX(Periods!$B$5:$B$200,ROW()-5)&"","") | C6: =IF($B6="","",COUNTIFS('Task Register'!$B$4:$B$999,$B6,'Task Register'!$F$4:$F$999,"<>Excluded",'Task Register'!$M$4:$M$999,">0")) | D6: =IF($B6="","",COUNTIFS('Task Register'!$B$4:$B$999,$B6,'Task Register'!$F$4:$F$999,"<>Excluded")-COUNTIFS('Task Register'!$B$4:$B$999,$B6,'Task Register'!$F$4:$F$999,"<>Excluded",'Task Register'!$M$4:$M$999,">0")) | E6: =IF($B6="","",COUNTIFS('Task Register'!$B$4:$B$999,$B6,'Task Register'!$F$4:$F$999,"<>Excluded",'Task Register'!$G$4:$G$999,"Yes")) | F6: =IF($B6="","",COUNTIFS('Task Register'!$B$4:$B$999,$B6,'Task Register'!$F$4:$F$999,"CR")) | G6: =IF($B6="","",ROUND(SUMIFS('KPI Summary'!$E$4:$E$999,'KPI Summary'!$A$4:$A$999,$B6,'KPI Summary'!$C$4:$C$999,"Velocity"),2)&IF(Config!$C$18="Story Points"," pts"," h")) | H6: =IF($B6="","",COUNTIFS('Defect Register'!$B$4:$B$999,$B6)) | I6: =IF($B6="","",COUNTIFS('Defect Register'!$B$4:$B$999,$B6,'Defect Register'!$O$4:$O$999,"Yes")) | J6: =IF($B6="","",COUNTIFS('Defect Register'!$B$4:$B$999,$B6,'Defect Register'!$K$4:$K$999,"Yes")) | K6: =IF($B6="","",COUNTIFS('Defect Register'!$B$4:$B$999,$B6,'Defect Register'!$I$4:$I$999,"Post-release",'Defect Register'!$K$4:$K$999,"<>Yes")) | L6: =IF($B6="","",COUNTIFS('Task Register'!$B$4:$B$999,$B6,'Task Register'!$F$4:$F$999,"<>Excluded",'Task Register'!$AP$4:$AP$999,">0",'Task Register'!$Y$4:$Y$999,"Yes")) | M6: =IF($B6="","",IF(N(IFERROR(INDEX(Periods!$F$5:$F$200,MATCH($B6,Periods!$B$5:$B$200,0)),""))>0,TEXT(IFERROR(INDEX(Periods!$F$5:$F$200,MATCH($B6,Periods!$B$5:$B$200,0)),""),"mm/dd/yyyy"),IF(N(Config!$C$40)>0,TEXT(Config!$C$40,"mm/dd/yyyy"),"-"))) | N6: =IF($B6="","",IF(N(IFERROR(INDEX(Periods!$G$5:$G$200,MATCH($B6,Periods!$B$5:$B$200,0)),""))>0,TEXT(IFERROR(INDEX(Periods!$G$5:$G$200,MATCH($B6,Periods!$B$5:$B$200,0)),""),"mm/dd/yyyy"),IF(N(Config!$C$41)>0,TEXT(Config!$C$41,"mm/dd/yyyy"),"-"))) | O6: =IF($B6="","",IF(N(IFERROR(INDEX(Periods!$H$5:$H$200,MATCH($B6,Periods!$B$5:$B$200,0)),""))>0,TEXT(IFERROR(INDEX(Periods!$H$5:$H$200,MATCH($B6,Periods!$B$5:$B$200,0)),""),"mm/dd/yyyy"),"Not yet")) | Q6: =IF($B6="","",REPT("█",ROUND(N(C6)/MAX(1,$C$6:$C$17,$D$6:$D$17)*18,0))&REPT("░",ROUND(N(D6)/MAX(1,$C$6:$C$17,$D$6:$D$17)*18,0))) | R6: =IF($B6="","",REPT("█",ROUND(N(I6)/MAX(1,$H$6:$H$17)*18,0))&REPT("░",ROUND((N(H6)-N(I6))/MAX(1,$H$6:$H$17)*18,0)))
A7: =IF($B7="","",ROW()-5) | B7: =IFERROR(INDEX(Periods!$B$5:$B$200,ROW()-5)&"","") | C7: =IF($B7="","",COUNTIFS('Task Register'!$B$4:$B$999,$B7,'Task Register'!$F$4:$F$999,"<>Excluded",'Task Register'!$M$4:$M$999,">0")) | D7: =IF($B7="","",COUNTIFS('Task Register'!$B$4:$B$999,$B7,'Task Register'!$F$4:$F$999,"<>Excluded")-COUNTIFS('Task Register'!$B$4:$B$999,$B7,'Task Register'!$F$4:$F$999,"<>Excluded",'Task Register'!$M$4:$M$999,">0")) | E7: =IF($B7="","",COUNTIFS('Task Register'!$B$4:$B$999,$B7,'Task Register'!$F$4:$F$999,"<>Excluded",'Task Register'!$G$4:$G$999,"Yes")) | F7: =IF($B7="","",COUNTIFS('Task Register'!$B$4:$B$999,$B7,'Task Register'!$F$4:$F$999,"CR")) | G7: =IF($B7="","",ROUND(SUMIFS('KPI Summary'!$E$4:$E$999,'KPI Summary'!$A$4:$A$999,$B7,'KPI Summary'!$C$4:$C$999,"Velocity"),2)&IF(Config!$C$18="Story Points"," pts"," h")) | H7: =IF($B7="","",COUNTIFS('Defect Register'!$B$4:$B$999,$B7)) | I7: =IF($B7="","",COUNTIFS('Defect Register'!$B$4:$B$999,$B7,'Defect Register'!$O$4:$O$999,"Yes")) | J7: =IF($B7="","",COUNTIFS('Defect Register'!$B$4:$B$999,$B7,'Defect Register'!$K$4:$K$999,"Yes")) | K7: =IF($B7="","",COUNTIFS('Defect Register'!$B$4:$B$999,$B7,'Defect Register'!$I$4:$I$999,"Post-release",'Defect Register'!$K$4:$K$999,"<>Yes")) | L7: =IF($B7="","",COUNTIFS('Task Register'!$B$4:$B$999,$B7,'Task Register'!$F$4:$F$999,"<>Excluded",'Task Register'!$AP$4:$AP$999,">0",'Task Register'!$Y$4:$Y$999,"Yes")) | M7: =IF($B7="","",IF(N(IFERROR(INDEX(Periods!$F$5:$F$200,MATCH($B7,Periods!$B$5:$B$200,0)),""))>0,TEXT(IFERROR(INDEX(Periods!$F$5:$F$200,MATCH($B7,Periods!$B$5:$B$200,0)),""),"mm/dd/yyyy"),IF(N(Config!$C$40)>0,TEXT(Config!$C$40,"mm/dd/yyyy"),"-"))) | N7: =IF($B7="","",IF(N(IFERROR(INDEX(Periods!$G$5:$G$200,MATCH($B7,Periods!$B$5:$B$200,0)),""))>0,TEXT(IFERROR(INDEX(Periods!$G$5:$G$200,MATCH($B7,Periods!$B$5:$B$200,0)),""),"mm/dd/yyyy"),IF(N(Config!$C$41)>0,TEXT(Config!$C$41,"mm/dd/yyyy"),"-"))) | O7: =IF($B7="","",IF(N(IFERROR(INDEX(Periods!$H$5:$H$200,MATCH($B7,Periods!$B$5:$B$200,0)),""))>0,TEXT(IFERROR(INDEX(Periods!$H$5:$H$200,MATCH($B7,Periods!$B$5:$B$200,0)),""),"mm/dd/yyyy"),"Not yet")) | Q7: =IF($B7="","",REPT("█",ROUND(N(C7)/MAX(1,$C$6:$C$17,$D$6:$D$17)*18,0))&REPT("░",ROUND(N(D7)/MAX(1,$C$6:$C$17,$D$6:$D$17)*18,0))) | R7: =IF($B7="","",REPT("█",ROUND(N(I7)/MAX(1,$H$6:$H$17)*18,0))&REPT("░",ROUND((N(H7)-N(I7))/MAX(1,$H$6:$H$17)*18,0)))
A8: =IF($B8="","",ROW()-5) | B8: =IFERROR(INDEX(Periods!$B$5:$B$200,ROW()-5)&"","") | C8: =IF($B8="","",COUNTIFS('Task Register'!$B$4:$B$999,$B8,'Task Register'!$F$4:$F$999,"<>Excluded",'Task Register'!$M$4:$M$999,">0")) | D8: =IF($B8="","",COUNTIFS('Task Register'!$B$4:$B$999,$B8,'Task Register'!$F$4:$F$999,"<>Excluded")-COUNTIFS('Task Register'!$B$4:$B$999,$B8,'Task Register'!$F$4:$F$999,"<>Excluded",'Task Register'!$M$4:$M$999,">0")) | E8: =IF($B8="","",COUNTIFS('Task Register'!$B$4:$B$999,$B8,'Task Register'!$F$4:$F$999,"<>Excluded",'Task Register'!$G$4:$G$999,"Yes")) | F8: =IF($B8="","",COUNTIFS('Task Register'!$B$4:$B$999,$B8,'Task Register'!$F$4:$F$999,"CR")) | G8: =IF($B8="","",ROUND(SUMIFS('KPI Summary'!$E$4:$E$999,'KPI Summary'!$A$4:$A$999,$B8,'KPI Summary'!$C$4:$C$999,"Velocity"),2)&IF(Config!$C$18="Story Points"," pts"," h")) | H8: =IF($B8="","",COUNTIFS('Defect Register'!$B$4:$B$999,$B8)) | I8: =IF($B8="","",COUNTIFS('Defect Register'!$B$4:$B$999,$B8,'Defect Register'!$O$4:$O$999,"Yes")) | J8: =IF($B8="","",COUNTIFS('Defect Register'!$B$4:$B$999,$B8,'Defect Register'!$K$4:$K$999,"Yes")) | K8: =IF($B8="","",COUNTIFS('Defect Register'!$B$4:$B$999,$B8,'Defect Register'!$I$4:$I$999,"Post-release",'Defect Register'!$K$4:$K$999,"<>Yes")) | L8: =IF($B8="","",COUNTIFS('Task Register'!$B$4:$B$999,$B8,'Task Register'!$F$4:$F$999,"<>Excluded",'Task Register'!$AP$4:$AP$999,">0",'Task Register'!$Y$4:$Y$999,"Yes")) | M8: =IF($B8="","",IF(N(IFERROR(INDEX(Periods!$F$5:$F$200,MATCH($B8,Periods!$B$5:$B$200,0)),""))>0,TEXT(IFERROR(INDEX(Periods!$F$5:$F$200,MATCH($B8,Periods!$B$5:$B$200,0)),""),"mm/dd/yyyy"),IF(N(Config!$C$40)>0,TEXT(Config!$C$40,"mm/dd/yyyy"),"-"))) | N8: =IF($B8="","",IF(N(IFERROR(INDEX(Periods!$G$5:$G$200,MATCH($B8,Periods!$B$5:$B$200,0)),""))>0,TEXT(IFERROR(INDEX(Periods!$G$5:$G$200,MATCH($B8,Periods!$B$5:$B$200,0)),""),"mm/dd/yyyy"),IF(N(Config!$C$41)>0,TEXT(Config!$C$41,"mm/dd/yyyy"),"-"))) | O8: =IF($B8="","",IF(N(IFERROR(INDEX(Periods!$H$5:$H$200,MATCH($B8,Periods!$B$5:$B$200,0)),""))>0,TEXT(IFERROR(INDEX(Periods!$H$5:$H$200,MATCH($B8,Periods!$B$5:$B$200,0)),""),"mm/dd/yyyy"),"Not yet")) | Q8: =IF($B8="","",REPT("█",ROUND(N(C8)/MAX(1,$C$6:$C$17,$D$6:$D$17)*18,0))&REPT("░",ROUND(N(D8)/MAX(1,$C$6:$C$17,$D$6:$D$17)*18,0))) | R8: =IF($B8="","",REPT("█",ROUND(N(I8)/MAX(1,$H$6:$H$17)*18,0))&REPT("░",ROUND((N(H8)-N(I8))/MAX(1,$H$6:$H$17)*18,0)))
A9: =IF($B9="","",ROW()-5) | B9: =IFERROR(INDEX(Periods!$B$5:$B$200,ROW()-5)&"","") | C9: =IF($B9="","",COUNTIFS('Task Register'!$B$4:$B$999,$B9,'Task Register'!$F$4:$F$999,"<>Excluded",'Task Register'!$M$4:$M$999,">0")) | D9: =IF($B9="","",COUNTIFS('Task Register'!$B$4:$B$999,$B9,'Task Register'!$F$4:$F$999,"<>Excluded")-COUNTIFS('Task Register'!$B$4:$B$999,$B9,'Task Register'!$F$4:$F$999,"<>Excluded",'Task Register'!$M$4:$M$999,">0")) | E9: =IF($B9="","",COUNTIFS('Task Register'!$B$4:$B$999,$B9,'Task Register'!$F$4:$F$999,"<>Excluded",'Task Register'!$G$4:$G$999,"Yes")) | F9: =IF($B9="","",COUNTIFS('Task Register'!$B$4:$B$999,$B9,'Task Register'!$F$4:$F$999,"CR")) | G9: =IF($B9="","",ROUND(SUMIFS('KPI Summary'!$E$4:$E$999,'KPI Summary'!$A$4:$A$999,$B9,'KPI Summary'!$C$4:$C$999,"Velocity"),2)&IF(Config!$C$18="Story Points"," pts"," h")) | H9: =IF($B9="","",COUNTIFS('Defect Register'!$B$4:$B$999,$B9)) | I9: =IF($B9="","",COUNTIFS('Defect Register'!$B$4:$B$999,$B9,'Defect Register'!$O$4:$O$999,"Yes")) | J9: =IF($B9="","",COUNTIFS('Defect Register'!$B$4:$B$999,$B9,'Defect Register'!$K$4:$K$999,"Yes")) | K9: =IF($B9="","",COUNTIFS('Defect Register'!$B$4:$B$999,$B9,'Defect Register'!$I$4:$I$999,"Post-release",'Defect Register'!$K$4:$K$999,"<>Yes")) | L9: =IF($B9="","",COUNTIFS('Task Register'!$B$4:$B$999,$B9,'Task Register'!$F$4:$F$999,"<>Excluded",'Task Register'!$AP$4:$AP$999,">0",'Task Register'!$Y$4:$Y$999,"Yes")) | M9: =IF($B9="","",IF(N(IFERROR(INDEX(Periods!$F$5:$F$200,MATCH($B9,Periods!$B$5:$B$200,0)),""))>0,TEXT(IFERROR(INDEX(Periods!$F$5:$F$200,MATCH($B9,Periods!$B$5:$B$200,0)),""),"mm/dd/yyyy"),IF(N(Config!$C$40)>0,TEXT(Config!$C$40,"mm/dd/yyyy"),"-"))) | N9: =IF($B9="","",IF(N(IFERROR(INDEX(Periods!$G$5:$G$200,MATCH($B9,Periods!$B$5:$B$200,0)),""))>0,TEXT(IFERROR(INDEX(Periods!$G$5:$G$200,MATCH($B9,Periods!$B$5:$B$200,0)),""),"mm/dd/yyyy"),IF(N(Config!$C$41)>0,TEXT(Config!$C$41,"mm/dd/yyyy"),"-"))) | O9: =IF($B9="","",IF(N(IFERROR(INDEX(Periods!$H$5:$H$200,MATCH($B9,Periods!$B$5:$B$200,0)),""))>0,TEXT(IFERROR(INDEX(Periods!$H$5:$H$200,MATCH($B9,Periods!$B$5:$B$200,0)),""),"mm/dd/yyyy"),"Not yet")) | Q9: =IF($B9="","",REPT("█",ROUND(N(C9)/MAX(1,$C$6:$C$17,$D$6:$D$17)*18,0))&REPT("░",ROUND(N(D9)/MAX(1,$C$6:$C$17,$D$6:$D$17)*18,0))) | R9: =IF($B9="","",REPT("█",ROUND(N(I9)/MAX(1,$H$6:$H$17)*18,0))&REPT("░",ROUND((N(H9)-N(I9))/MAX(1,$H$6:$H$17)*18,0)))
A10: =IF($B10="","",ROW()-5) | B10: =IFERROR(INDEX(Periods!$B$5:$B$200,ROW()-5)&"","") | C10: =IF($B10="","",COUNTIFS('Task Register'!$B$4:$B$999,$B10,'Task Register'!$F$4:$F$999,"<>Excluded",'Task Register'!$M$4:$M$999,">0")) | D10: =IF($B10="","",COUNTIFS('Task Register'!$B$4:$B$999,$B10,'Task Register'!$F$4:$F$999,"<>Excluded")-COUNTIFS('Task Register'!$B$4:$B$999,$B10,'Task Register'!$F$4:$F$999,"<>Excluded",'Task Register'!$M$4:$M$999,">0")) | E10: =IF($B10="","",COUNTIFS('Task Register'!$B$4:$B$999,$B10,'Task Register'!$F$4:$F$999,"<>Excluded",'Task Register'!$G$4:$G$999,"Yes")) | F10: =IF($B10="","",COUNTIFS('Task Register'!$B$4:$B$999,$B10,'Task Register'!$F$4:$F$999,"CR")) | G10: =IF($B10="","",ROUND(SUMIFS('KPI Summary'!$E$4:$E$999,'KPI Summary'!$A$4:$A$999,$B10,'KPI Summary'!$C$4:$C$999,"Velocity"),2)&IF(Config!$C$18="Story Points"," pts"," h")) | H10: =IF($B10="","",COUNTIFS('Defect Register'!$B$4:$B$999,$B10)) | I10: =IF($B10="","",COUNTIFS('Defect Register'!$B$4:$B$999,$B10,'Defect Register'!$O$4:$O$999,"Yes")) | J10: =IF($B10="","",COUNTIFS('Defect Register'!$B$4:$B$999,$B10,'Defect Register'!$K$4:$K$999,"Yes")) | K10: =IF($B10="","",COUNTIFS('Defect Register'!$B$4:$B$999,$B10,'Defect Register'!$I$4:$I$999,"Post-release",'Defect Register'!$K$4:$K$999,"<>Yes")) | L10: =IF($B10="","",COUNTIFS('Task Register'!$B$4:$B$999,$B10,'Task Register'!$F$4:$F$999,"<>Excluded",'Task Register'!$AP$4:$AP$999,">0",'Task Register'!$Y$4:$Y$999,"Yes")) | M10: =IF($B10="","",IF(N(IFERROR(INDEX(Periods!$F$5:$F$200,MATCH($B10,Periods!$B$5:$B$200,0)),""))>0,TEXT(IFERROR(INDEX(Periods!$F$5:$F$200,MATCH($B10,Periods!$B$5:$B$200,0)),""),"mm/dd/yyyy"),IF(N(Config!$C$40)>0,TEXT(Config!$C$40,"mm/dd/yyyy"),"-"))) | N10: =IF($B10="","",IF(N(IFERROR(INDEX(Periods!$G$5:$G$200,MATCH($B10,Periods!$B$5:$B$200,0)),""))>0,TEXT(IFERROR(INDEX(Periods!$G$5:$G$200,MATCH($B10,Periods!$B$5:$B$200,0)),""),"mm/dd/yyyy"),IF(N(Config!$C$41)>0,TEXT(Config!$C$41,"mm/dd/yyyy"),"-"))) | O10: =IF($B10="","",IF(N(IFERROR(INDEX(Periods!$H$5:$H$200,MATCH($B10,Periods!$B$5:$B$200,0)),""))>0,TEXT(IFERROR(INDEX(Periods!$H$5:$H$200,MATCH($B10,Periods!$B$5:$B$200,0)),""),"mm/dd/yyyy"),"Not yet")) | Q10: =IF($B10="","",REPT("█",ROUND(N(C10)/MAX(1,$C$6:$C$17,$D$6:$D$17)*18,0))&REPT("░",ROUND(N(D10)/MAX(1,$C$6:$C$17,$D$6:$D$17)*18,0))) | R10: =IF($B10="","",REPT("█",ROUND(N(I10)/MAX(1,$H$6:$H$17)*18,0))&REPT("░",ROUND((N(H10)-N(I10))/MAX(1,$H$6:$H$17)*18,0)))
A11: =IF($B11="","",ROW()-5) | B11: =IFERROR(INDEX(Periods!$B$5:$B$200,ROW()-5)&"","") | C11: =IF($B11="","",COUNTIFS('Task Register'!$B$4:$B$999,$B11,'Task Register'!$F$4:$F$999,"<>Excluded",'Task Register'!$M$4:$M$999,">0")) | D11: =IF($B11="","",COUNTIFS('Task Register'!$B$4:$B$999,$B11,'Task Register'!$F$4:$F$999,"<>Excluded")-COUNTIFS('Task Register'!$B$4:$B$999,$B11,'Task Register'!$F$4:$F$999,"<>Excluded",'Task Register'!$M$4:$M$999,">0")) | E11: =IF($B11="","",COUNTIFS('Task Register'!$B$4:$B$999,$B11,'Task Register'!$F$4:$F$999,"<>Excluded",'Task Register'!$G$4:$G$999,"Yes")) | F11: =IF($B11="","",COUNTIFS('Task Register'!$B$4:$B$999,$B11,'Task Register'!$F$4:$F$999,"CR")) | G11: =IF($B11="","",ROUND(SUMIFS('KPI Summary'!$E$4:$E$999,'KPI Summary'!$A$4:$A$999,$B11,'KPI Summary'!$C$4:$C$999,"Velocity"),2)&IF(Config!$C$18="Story Points"," pts"," h")) | H11: =IF($B11="","",COUNTIFS('Defect Register'!$B$4:$B$999,$B11)) | I11: =IF($B11="","",COUNTIFS('Defect Register'!$B$4:$B$999,$B11,'Defect Register'!$O$4:$O$999,"Yes")) | J11: =IF($B11="","",COUNTIFS('Defect Register'!$B$4:$B$999,$B11,'Defect Register'!$K$4:$K$999,"Yes")) | K11: =IF($B11="","",COUNTIFS('Defect Register'!$B$4:$B$999,$B11,'Defect Register'!$I$4:$I$999,"Post-release",'Defect Register'!$K$4:$K$999,"<>Yes")) | L11: =IF($B11="","",COUNTIFS('Task Register'!$B$4:$B$999,$B11,'Task Register'!$F$4:$F$999,"<>Excluded",'Task Register'!$AP$4:$AP$999,">0",'Task Register'!$Y$4:$Y$999,"Yes")) | M11: =IF($B11="","",IF(N(IFERROR(INDEX(Periods!$F$5:$F$200,MATCH($B11,Periods!$B$5:$B$200,0)),""))>0,TEXT(IFERROR(INDEX(Periods!$F$5:$F$200,MATCH($B11,Periods!$B$5:$B$200,0)),""),"mm/dd/yyyy"),IF(N(Config!$C$40)>0,TEXT(Config!$C$40,"mm/dd/yyyy"),"-"))) | N11: =IF($B11="","",IF(N(IFERROR(INDEX(Periods!$G$5:$G$200,MATCH($B11,Periods!$B$5:$B$200,0)),""))>0,TEXT(IFERROR(INDEX(Periods!$G$5:$G$200,MATCH($B11,Periods!$B$5:$B$200,0)),""),"mm/dd/yyyy"),IF(N(Config!$C$41)>0,TEXT(Config!$C$41,"mm/dd/yyyy"),"-"))) | O11: =IF($B11="","",IF(N(IFERROR(INDEX(Periods!$H$5:$H$200,MATCH($B11,Periods!$B$5:$B$200,0)),""))>0,TEXT(IFERROR(INDEX(Periods!$H$5:$H$200,MATCH($B11,Periods!$B$5:$B$200,0)),""),"mm/dd/yyyy"),"Not yet")) | Q11: =IF($B11="","",REPT("█",ROUND(N(C11)/MAX(1,$C$6:$C$17,$D$6:$D$17)*18,0))&REPT("░",ROUND(N(D11)/MAX(1,$C$6:$C$17,$D$6:$D$17)*18,0))) | R11: =IF($B11="","",REPT("█",ROUND(N(I11)/MAX(1,$H$6:$H$17)*18,0))&REPT("░",ROUND((N(H11)-N(I11))/MAX(1,$H$6:$H$17)*18,0)))
A12: =IF($B12="","",ROW()-5) | B12: =IFERROR(INDEX(Periods!$B$5:$B$200,ROW()-5)&"","") | C12: =IF($B12="","",COUNTIFS('Task Register'!$B$4:$B$999,$B12,'Task Register'!$F$4:$F$999,"<>Excluded",'Task Register'!$M$4:$M$999,">0")) | D12: =IF($B12="","",COUNTIFS('Task Register'!$B$4:$B$999,$B12,'Task Register'!$F$4:$F$999,"<>Excluded")-COUNTIFS('Task Register'!$B$4:$B$999,$B12,'Task Register'!$F$4:$F$999,"<>Excluded",'Task Register'!$M$4:$M$999,">0")) | E12: =IF($B12="","",COUNTIFS('Task Register'!$B$4:$B$999,$B12,'Task Register'!$F$4:$F$999,"<>Excluded",'Task Register'!$G$4:$G$999,"Yes")) | F12: =IF($B12="","",COUNTIFS('Task Register'!$B$4:$B$999,$B12,'Task Register'!$F$4:$F$999,"CR")) | G12: =IF($B12="","",ROUND(SUMIFS('KPI Summary'!$E$4:$E$999,'KPI Summary'!$A$4:$A$999,$B12,'KPI Summary'!$C$4:$C$999,"Velocity"),2)&IF(Config!$C$18="Story Points"," pts"," h")) | H12: =IF($B12="","",COUNTIFS('Defect Register'!$B$4:$B$999,$B12)) | I12: =IF($B12="","",COUNTIFS('Defect Register'!$B$4:$B$999,$B12,'Defect Register'!$O$4:$O$999,"Yes")) | J12: =IF($B12="","",COUNTIFS('Defect Register'!$B$4:$B$999,$B12,'Defect Register'!$K$4:$K$999,"Yes")) | K12: =IF($B12="","",COUNTIFS('Defect Register'!$B$4:$B$999,$B12,'Defect Register'!$I$4:$I$999,"Post-release",'Defect Register'!$K$4:$K$999,"<>Yes")) | L12: =IF($B12="","",COUNTIFS('Task Register'!$B$4:$B$999,$B12,'Task Register'!$F$4:$F$999,"<>Excluded",'Task Register'!$AP$4:$AP$999,">0",'Task Register'!$Y$4:$Y$999,"Yes")) | M12: =IF($B12="","",IF(N(IFERROR(INDEX(Periods!$F$5:$F$200,MATCH($B12,Periods!$B$5:$B$200,0)),""))>0,TEXT(IFERROR(INDEX(Periods!$F$5:$F$200,MATCH($B12,Periods!$B$5:$B$200,0)),""),"mm/dd/yyyy"),IF(N(Config!$C$40)>0,TEXT(Config!$C$40,"mm/dd/yyyy"),"-"))) | N12: =IF($B12="","",IF(N(IFERROR(INDEX(Periods!$G$5:$G$200,MATCH($B12,Periods!$B$5:$B$200,0)),""))>0,TEXT(IFERROR(INDEX(Periods!$G$5:$G$200,MATCH($B12,Periods!$B$5:$B$200,0)),""),"mm/dd/yyyy"),IF(N(Config!$C$41)>0,TEXT(Config!$C$41,"mm/dd/yyyy"),"-"))) | O12: =IF($B12="","",IF(N(IFERROR(INDEX(Periods!$H$5:$H$200,MATCH($B12,Periods!$B$5:$B$200,0)),""))>0,TEXT(IFERROR(INDEX(Periods!$H$5:$H$200,MATCH($B12,Periods!$B$5:$B$200,0)),""),"mm/dd/yyyy"),"Not yet")) | Q12: =IF($B12="","",REPT("█",ROUND(N(C12)/MAX(1,$C$6:$C$17,$D$6:$D$17)*18,0))&REPT("░",ROUND(N(D12)/MAX(1,$C$6:$C$17,$D$6:$D$17)*18,0))) | R12: =IF($B12="","",REPT("█",ROUND(N(I12)/MAX(1,$H$6:$H$17)*18,0))&REPT("░",ROUND((N(H12)-N(I12))/MAX(1,$H$6:$H$17)*18,0)))
A13: =IF($B13="","",ROW()-5) | B13: =IFERROR(INDEX(Periods!$B$5:$B$200,ROW()-5)&"","") | C13: =IF($B13="","",COUNTIFS('Task Register'!$B$4:$B$999,$B13,'Task Register'!$F$4:$F$999,"<>Excluded",'Task Register'!$M$4:$M$999,">0")) | D13: =IF($B13="","",COUNTIFS('Task Register'!$B$4:$B$999,$B13,'Task Register'!$F$4:$F$999,"<>Excluded")-COUNTIFS('Task Register'!$B$4:$B$999,$B13,'Task Register'!$F$4:$F$999,"<>Excluded",'Task Register'!$M$4:$M$999,">0")) | E13: =IF($B13="","",COUNTIFS('Task Register'!$B$4:$B$999,$B13,'Task Register'!$F$4:$F$999,"<>Excluded",'Task Register'!$G$4:$G$999,"Yes")) | F13: =IF($B13="","",COUNTIFS('Task Register'!$B$4:$B$999,$B13,'Task Register'!$F$4:$F$999,"CR")) | G13: =IF($B13="","",ROUND(SUMIFS('KPI Summary'!$E$4:$E$999,'KPI Summary'!$A$4:$A$999,$B13,'KPI Summary'!$C$4:$C$999,"Velocity"),2)&IF(Config!$C$18="Story Points"," pts"," h")) | H13: =IF($B13="","",COUNTIFS('Defect Register'!$B$4:$B$999,$B13)) | I13: =IF($B13="","",COUNTIFS('Defect Register'!$B$4:$B$999,$B13,'Defect Register'!$O$4:$O$999,"Yes")) | J13: =IF($B13="","",COUNTIFS('Defect Register'!$B$4:$B$999,$B13,'Defect Register'!$K$4:$K$999,"Yes")) | K13: =IF($B13="","",COUNTIFS('Defect Register'!$B$4:$B$999,$B13,'Defect Register'!$I$4:$I$999,"Post-release",'Defect Register'!$K$4:$K$999,"<>Yes")) | L13: =IF($B13="","",COUNTIFS('Task Register'!$B$4:$B$999,$B13,'Task Register'!$F$4:$F$999,"<>Excluded",'Task Register'!$AP$4:$AP$999,">0",'Task Register'!$Y$4:$Y$999,"Yes")) | M13: =IF($B13="","",IF(N(IFERROR(INDEX(Periods!$F$5:$F$200,MATCH($B13,Periods!$B$5:$B$200,0)),""))>0,TEXT(IFERROR(INDEX(Periods!$F$5:$F$200,MATCH($B13,Periods!$B$5:$B$200,0)),""),"mm/dd/yyyy"),IF(N(Config!$C$40)>0,TEXT(Config!$C$40,"mm/dd/yyyy"),"-"))) | N13: =IF($B13="","",IF(N(IFERROR(INDEX(Periods!$G$5:$G$200,MATCH($B13,Periods!$B$5:$B$200,0)),""))>0,TEXT(IFERROR(INDEX(Periods!$G$5:$G$200,MATCH($B13,Periods!$B$5:$B$200,0)),""),"mm/dd/yyyy"),IF(N(Config!$C$41)>0,TEXT(Config!$C$41,"mm/dd/yyyy"),"-"))) | O13: =IF($B13="","",IF(N(IFERROR(INDEX(Periods!$H$5:$H$200,MATCH($B13,Periods!$B$5:$B$200,0)),""))>0,TEXT(IFERROR(INDEX(Periods!$H$5:$H$200,MATCH($B13,Periods!$B$5:$B$200,0)),""),"mm/dd/yyyy"),"Not yet")) | Q13: =IF($B13="","",REPT("█",ROUND(N(C13)/MAX(1,$C$6:$C$17,$D$6:$D$17)*18,0))&REPT("░",ROUND(N(D13)/MAX(1,$C$6:$C$17,$D$6:$D$17)*18,0))) | R13: =IF($B13="","",REPT("█",ROUND(N(I13)/MAX(1,$H$6:$H$17)*18,0))&REPT("░",ROUND((N(H13)-N(I13))/MAX(1,$H$6:$H$17)*18,0)))
A14: =IF($B14="","",ROW()-5) | B14: =IFERROR(INDEX(Periods!$B$5:$B$200,ROW()-5)&"","") | C14: =IF($B14="","",COUNTIFS('Task Register'!$B$4:$B$999,$B14,'Task Register'!$F$4:$F$999,"<>Excluded",'Task Register'!$M$4:$M$999,">0")) | D14: =IF($B14="","",COUNTIFS('Task Register'!$B$4:$B$999,$B14,'Task Register'!$F$4:$F$999,"<>Excluded")-COUNTIFS('Task Register'!$B$4:$B$999,$B14,'Task Register'!$F$4:$F$999,"<>Excluded",'Task Register'!$M$4:$M$999,">0")) | E14: =IF($B14="","",COUNTIFS('Task Register'!$B$4:$B$999,$B14,'Task Register'!$F$4:$F$999,"<>Excluded",'Task Register'!$G$4:$G$999,"Yes")) | F14: =IF($B14="","",COUNTIFS('Task Register'!$B$4:$B$999,$B14,'Task Register'!$F$4:$F$999,"CR")) | G14: =IF($B14="","",ROUND(SUMIFS('KPI Summary'!$E$4:$E$999,'KPI Summary'!$A$4:$A$999,$B14,'KPI Summary'!$C$4:$C$999,"Velocity"),2)&IF(Config!$C$18="Story Points"," pts"," h")) | H14: =IF($B14="","",COUNTIFS('Defect Register'!$B$4:$B$999,$B14)) | I14: =IF($B14="","",COUNTIFS('Defect Register'!$B$4:$B$999,$B14,'Defect Register'!$O$4:$O$999,"Yes")) | J14: =IF($B14="","",COUNTIFS('Defect Register'!$B$4:$B$999,$B14,'Defect Register'!$K$4:$K$999,"Yes")) | K14: =IF($B14="","",COUNTIFS('Defect Register'!$B$4:$B$999,$B14,'Defect Register'!$I$4:$I$999,"Post-release",'Defect Register'!$K$4:$K$999,"<>Yes")) | L14: =IF($B14="","",COUNTIFS('Task Register'!$B$4:$B$999,$B14,'Task Register'!$F$4:$F$999,"<>Excluded",'Task Register'!$AP$4:$AP$999,">0",'Task Register'!$Y$4:$Y$999,"Yes")) | M14: =IF($B14="","",IF(N(IFERROR(INDEX(Periods!$F$5:$F$200,MATCH($B14,Periods!$B$5:$B$200,0)),""))>0,TEXT(IFERROR(INDEX(Periods!$F$5:$F$200,MATCH($B14,Periods!$B$5:$B$200,0)),""),"mm/dd/yyyy"),IF(N(Config!$C$40)>0,TEXT(Config!$C$40,"mm/dd/yyyy"),"-"))) | N14: =IF($B14="","",IF(N(IFERROR(INDEX(Periods!$G$5:$G$200,MATCH($B14,Periods!$B$5:$B$200,0)),""))>0,TEXT(IFERROR(INDEX(Periods!$G$5:$G$200,MATCH($B14,Periods!$B$5:$B$200,0)),""),"mm/dd/yyyy"),IF(N(Config!$C$41)>0,TEXT(Config!$C$41,"mm/dd/yyyy"),"-"))) | O14: =IF($B14="","",IF(N(IFERROR(INDEX(Periods!$H$5:$H$200,MATCH($B14,Periods!$B$5:$B$200,0)),""))>0,TEXT(IFERROR(INDEX(Periods!$H$5:$H$200,MATCH($B14,Periods!$B$5:$B$200,0)),""),"mm/dd/yyyy"),"Not yet")) | Q14: =IF($B14="","",REPT("█",ROUND(N(C14)/MAX(1,$C$6:$C$17,$D$6:$D$17)*18,0))&REPT("░",ROUND(N(D14)/MAX(1,$C$6:$C$17,$D$6:$D$17)*18,0))) | R14: =IF($B14="","",REPT("█",ROUND(N(I14)/MAX(1,$H$6:$H$17)*18,0))&REPT("░",ROUND((N(H14)-N(I14))/MAX(1,$H$6:$H$17)*18,0)))
A15: =IF($B15="","",ROW()-5) | B15: =IFERROR(INDEX(Periods!$B$5:$B$200,ROW()-5)&"","") | C15: =IF($B15="","",COUNTIFS('Task Register'!$B$4:$B$999,$B15,'Task Register'!$F$4:$F$999,"<>Excluded",'Task Register'!$M$4:$M$999,">0")) | D15: =IF($B15="","",COUNTIFS('Task Register'!$B$4:$B$999,$B15,'Task Register'!$F$4:$F$999,"<>Excluded")-COUNTIFS('Task Register'!$B$4:$B$999,$B15,'Task Register'!$F$4:$F$999,"<>Excluded",'Task Register'!$M$4:$M$999,">0")) | E15: =IF($B15="","",COUNTIFS('Task Register'!$B$4:$B$999,$B15,'Task Register'!$F$4:$F$999,"<>Excluded",'Task Register'!$G$4:$G$999,"Yes")) | F15: =IF($B15="","",COUNTIFS('Task Register'!$B$4:$B$999,$B15,'Task Register'!$F$4:$F$999,"CR")) | G15: =IF($B15="","",ROUND(SUMIFS('KPI Summary'!$E$4:$E$999,'KPI Summary'!$A$4:$A$999,$B15,'KPI Summary'!$C$4:$C$999,"Velocity"),2)&IF(Config!$C$18="Story Points"," pts"," h")) | H15: =IF($B15="","",COUNTIFS('Defect Register'!$B$4:$B$999,$B15)) | I15: =IF($B15="","",COUNTIFS('Defect Register'!$B$4:$B$999,$B15,'Defect Register'!$O$4:$O$999,"Yes")) | J15: =IF($B15="","",COUNTIFS('Defect Register'!$B$4:$B$999,$B15,'Defect Register'!$K$4:$K$999,"Yes")) | K15: =IF($B15="","",COUNTIFS('Defect Register'!$B$4:$B$999,$B15,'Defect Register'!$I$4:$I$999,"Post-release",'Defect Register'!$K$4:$K$999,"<>Yes")) | L15: =IF($B15="","",COUNTIFS('Task Register'!$B$4:$B$999,$B15,'Task Register'!$F$4:$F$999,"<>Excluded",'Task Register'!$AP$4:$AP$999,">0",'Task Register'!$Y$4:$Y$999,"Yes")) | M15: =IF($B15="","",IF(N(IFERROR(INDEX(Periods!$F$5:$F$200,MATCH($B15,Periods!$B$5:$B$200,0)),""))>0,TEXT(IFERROR(INDEX(Periods!$F$5:$F$200,MATCH($B15,Periods!$B$5:$B$200,0)),""),"mm/dd/yyyy"),IF(N(Config!$C$40)>0,TEXT(Config!$C$40,"mm/dd/yyyy"),"-"))) | N15: =IF($B15="","",IF(N(IFERROR(INDEX(Periods!$G$5:$G$200,MATCH($B15,Periods!$B$5:$B$200,0)),""))>0,TEXT(IFERROR(INDEX(Periods!$G$5:$G$200,MATCH($B15,Periods!$B$5:$B$200,0)),""),"mm/dd/yyyy"),IF(N(Config!$C$41)>0,TEXT(Config!$C$41,"mm/dd/yyyy"),"-"))) | O15: =IF($B15="","",IF(N(IFERROR(INDEX(Periods!$H$5:$H$200,MATCH($B15,Periods!$B$5:$B$200,0)),""))>0,TEXT(IFERROR(INDEX(Periods!$H$5:$H$200,MATCH($B15,Periods!$B$5:$B$200,0)),""),"mm/dd/yyyy"),"Not yet")) | Q15: =IF($B15="","",REPT("█",ROUND(N(C15)/MAX(1,$C$6:$C$17,$D$6:$D$17)*18,0))&REPT("░",ROUND(N(D15)/MAX(1,$C$6:$C$17,$D$6:$D$17)*18,0))) | R15: =IF($B15="","",REPT("█",ROUND(N(I15)/MAX(1,$H$6:$H$17)*18,0))&REPT("░",ROUND((N(H15)-N(I15))/MAX(1,$H$6:$H$17)*18,0)))
A16: =IF($B16="","",ROW()-5) | B16: =IFERROR(INDEX(Periods!$B$5:$B$200,ROW()-5)&"","") | C16: =IF($B16="","",COUNTIFS('Task Register'!$B$4:$B$999,$B16,'Task Register'!$F$4:$F$999,"<>Excluded",'Task Register'!$M$4:$M$999,">0")) | D16: =IF($B16="","",COUNTIFS('Task Register'!$B$4:$B$999,$B16,'Task Register'!$F$4:$F$999,"<>Excluded")-COUNTIFS('Task Register'!$B$4:$B$999,$B16,'Task Register'!$F$4:$F$999,"<>Excluded",'Task Register'!$M$4:$M$999,">0")) | E16: =IF($B16="","",COUNTIFS('Task Register'!$B$4:$B$999,$B16,'Task Register'!$F$4:$F$999,"<>Excluded",'Task Register'!$G$4:$G$999,"Yes")) | F16: =IF($B16="","",COUNTIFS('Task Register'!$B$4:$B$999,$B16,'Task Register'!$F$4:$F$999,"CR")) | G16: =IF($B16="","",ROUND(SUMIFS('KPI Summary'!$E$4:$E$999,'KPI Summary'!$A$4:$A$999,$B16,'KPI Summary'!$C$4:$C$999,"Velocity"),2)&IF(Config!$C$18="Story Points"," pts"," h")) | H16: =IF($B16="","",COUNTIFS('Defect Register'!$B$4:$B$999,$B16)) | I16: =IF($B16="","",COUNTIFS('Defect Register'!$B$4:$B$999,$B16,'Defect Register'!$O$4:$O$999,"Yes")) | J16: =IF($B16="","",COUNTIFS('Defect Register'!$B$4:$B$999,$B16,'Defect Register'!$K$4:$K$999,"Yes")) | K16: =IF($B16="","",COUNTIFS('Defect Register'!$B$4:$B$999,$B16,'Defect Register'!$I$4:$I$999,"Post-release",'Defect Register'!$K$4:$K$999,"<>Yes")) | L16: =IF($B16="","",COUNTIFS('Task Register'!$B$4:$B$999,$B16,'Task Register'!$F$4:$F$999,"<>Excluded",'Task Register'!$AP$4:$AP$999,">0",'Task Register'!$Y$4:$Y$999,"Yes")) | M16: =IF($B16="","",IF(N(IFERROR(INDEX(Periods!$F$5:$F$200,MATCH($B16,Periods!$B$5:$B$200,0)),""))>0,TEXT(IFERROR(INDEX(Periods!$F$5:$F$200,MATCH($B16,Periods!$B$5:$B$200,0)),""),"mm/dd/yyyy"),IF(N(Config!$C$40)>0,TEXT(Config!$C$40,"mm/dd/yyyy"),"-"))) | N16: =IF($B16="","",IF(N(IFERROR(INDEX(Periods!$G$5:$G$200,MATCH($B16,Periods!$B$5:$B$200,0)),""))>0,TEXT(IFERROR(INDEX(Periods!$G$5:$G$200,MATCH($B16,Periods!$B$5:$B$200,0)),""),"mm/dd/yyyy"),IF(N(Config!$C$41)>0,TEXT(Config!$C$41,"mm/dd/yyyy"),"-"))) | O16: =IF($B16="","",IF(N(IFERROR(INDEX(Periods!$H$5:$H$200,MATCH($B16,Periods!$B$5:$B$200,0)),""))>0,TEXT(IFERROR(INDEX(Periods!$H$5:$H$200,MATCH($B16,Periods!$B$5:$B$200,0)),""),"mm/dd/yyyy"),"Not yet")) | Q16: =IF($B16="","",REPT("█",ROUND(N(C16)/MAX(1,$C$6:$C$17,$D$6:$D$17)*18,0))&REPT("░",ROUND(N(D16)/MAX(1,$C$6:$C$17,$D$6:$D$17)*18,0))) | R16: =IF($B16="","",REPT("█",ROUND(N(I16)/MAX(1,$H$6:$H$17)*18,0))&REPT("░",ROUND((N(H16)-N(I16))/MAX(1,$H$6:$H$17)*18,0)))
A17: =IF($B17="","",ROW()-5) | B17: =IFERROR(INDEX(Periods!$B$5:$B$200,ROW()-5)&"","") | C17: =IF($B17="","",COUNTIFS('Task Register'!$B$4:$B$999,$B17,'Task Register'!$F$4:$F$999,"<>Excluded",'Task Register'!$M$4:$M$999,">0")) | D17: =IF($B17="","",COUNTIFS('Task Register'!$B$4:$B$999,$B17,'Task Register'!$F$4:$F$999,"<>Excluded")-COUNTIFS('Task Register'!$B$4:$B$999,$B17,'Task Register'!$F$4:$F$999,"<>Excluded",'Task Register'!$M$4:$M$999,">0")) | E17: =IF($B17="","",COUNTIFS('Task Register'!$B$4:$B$999,$B17,'Task Register'!$F$4:$F$999,"<>Excluded",'Task Register'!$G$4:$G$999,"Yes")) | F17: =IF($B17="","",COUNTIFS('Task Register'!$B$4:$B$999,$B17,'Task Register'!$F$4:$F$999,"CR")) | G17: =IF($B17="","",ROUND(SUMIFS('KPI Summary'!$E$4:$E$999,'KPI Summary'!$A$4:$A$999,$B17,'KPI Summary'!$C$4:$C$999,"Velocity"),2)&IF(Config!$C$18="Story Points"," pts"," h")) | H17: =IF($B17="","",COUNTIFS('Defect Register'!$B$4:$B$999,$B17)) | I17: =IF($B17="","",COUNTIFS('Defect Register'!$B$4:$B$999,$B17,'Defect Register'!$O$4:$O$999,"Yes")) | J17: =IF($B17="","",COUNTIFS('Defect Register'!$B$4:$B$999,$B17,'Defect Register'!$K$4:$K$999,"Yes")) | K17: =IF($B17="","",COUNTIFS('Defect Register'!$B$4:$B$999,$B17,'Defect Register'!$I$4:$I$999,"Post-release",'Defect Register'!$K$4:$K$999,"<>Yes")) | L17: =IF($B17="","",COUNTIFS('Task Register'!$B$4:$B$999,$B17,'Task Register'!$F$4:$F$999,"<>Excluded",'Task Register'!$AP$4:$AP$999,">0",'Task Register'!$Y$4:$Y$999,"Yes")) | M17: =IF($B17="","",IF(N(IFERROR(INDEX(Periods!$F$5:$F$200,MATCH($B17,Periods!$B$5:$B$200,0)),""))>0,TEXT(IFERROR(INDEX(Periods!$F$5:$F$200,MATCH($B17,Periods!$B$5:$B$200,0)),""),"mm/dd/yyyy"),IF(N(Config!$C$40)>0,TEXT(Config!$C$40,"mm/dd/yyyy"),"-"))) | N17: =IF($B17="","",IF(N(IFERROR(INDEX(Periods!$G$5:$G$200,MATCH($B17,Periods!$B$5:$B$200,0)),""))>0,TEXT(IFERROR(INDEX(Periods!$G$5:$G$200,MATCH($B17,Periods!$B$5:$B$200,0)),""),"mm/dd/yyyy"),IF(N(Config!$C$41)>0,TEXT(Config!$C$41,"mm/dd/yyyy"),"-"))) | O17: =IF($B17="","",IF(N(IFERROR(INDEX(Periods!$H$5:$H$200,MATCH($B17,Periods!$B$5:$B$200,0)),""))>0,TEXT(IFERROR(INDEX(Periods!$H$5:$H$200,MATCH($B17,Periods!$B$5:$B$200,0)),""),"mm/dd/yyyy"),"Not yet")) | Q17: =IF($B17="","",REPT("█",ROUND(N(C17)/MAX(1,$C$6:$C$17,$D$6:$D$17)*18,0))&REPT("░",ROUND(N(D17)/MAX(1,$C$6:$C$17,$D$6:$D$17)*18,0))) | R17: =IF($B17="","",REPT("█",ROUND(N(I17)/MAX(1,$H$6:$H$17)*18,0))&REPT("░",ROUND((N(H17)-N(I17))/MAX(1,$H$6:$H$17)*18,0)))
B18: Total | C18: =SUM(C6:C17) | D18: =SUM(D6:D17) | E18: =SUM(E6:E17) | F18: =SUM(F6:F17) | H18: =SUM(H6:H17) | I18: =SUM(I6:I17) | J18: =SUM(J6:J17) | K18: =SUM(K6:K17) | L18: =SUM(L6:L17)
A20: KPI results by period (the bar is green when the KPI is met, red when not)
B21: KPI | C21: Target | D21: =IF($B$6="","",$B$6) | F21: =IF($B$7="","",$B$7) | H21: =IF($B$8="","",$B$8) | J21: =IF($B$9="","",$B$9) | L21: =IF($B$10="","",$B$10) | N21: =IF($B$11="","",$B$11)
B22: Velocity | C22: =IFERROR(IF(INDEX(Config!$E$29:$E$37,MATCH($B22,Config!$B$29:$B$37,0))="Min","at least ","at most ")&INDEX(Config!$F$29:$F$37,MATCH($B22,Config!$B$29:$B$37,0))&IF($B22="Velocity",""," %"),"") | D22: =IF(D$21="","",IF(COUNTIFS('KPI Summary'!$A$4:$A$999,D$21,'KPI Summary'!$C$4:$C$999,$B22,'KPI Summary'!$G$4:$G$999,">=0")=0,"not measured",SUMIFS('KPI Summary'!$G$4:$G$999,'KPI Summary'!$A$4:$A$999,D$21,'KPI Summary'!$C$4:$C$999,$B22))) | E22: =IF(ISNUMBER(D22),REPT("█",ROUND(MIN(D22,IF($B22="Velocity",MAX(1,N(D22),N(F22),N(H22),N(J22),N(L22),N(N22)),100))/IF($B22="Velocity",MAX(1,N(D22),N(F22),N(H22),N(J22),N(L22),N(N22)),100)*14,0)),"") | F22: =IF(F$21="","",IF(COUNTIFS('KPI Summary'!$A$4:$A$999,F$21,'KPI Summary'!$C$4:$C$999,$B22,'KPI Summary'!$G$4:$G$999,">=0")=0,"not measured",SUMIFS('KPI Summary'!$G$4:$G$999,'KPI Summary'!$A$4:$A$999,F$21,'KPI Summary'!$C$4:$C$999,$B22))) | G22: =IF(ISNUMBER(F22),REPT("█",ROUND(MIN(F22,IF($B22="Velocity",MAX(1,N(D22),N(F22),N(H22),N(J22),N(L22),N(N22)),100))/IF($B22="Velocity",MAX(1,N(D22),N(F22),N(H22),N(J22),N(L22),N(N22)),100)*14,0)),"") | H22: =IF(H$21="","",IF(COUNTIFS('KPI Summary'!$A$4:$A$999,H$21,'KPI Summary'!$C$4:$C$999,$B22,'KPI Summary'!$G$4:$G$999,">=0")=0,"not measured",SUMIFS('KPI Summary'!$G$4:$G$999,'KPI Summary'!$A$4:$A$999,H$21,'KPI Summary'!$C$4:$C$999,$B22))) | I22: =IF(ISNUMBER(H22),REPT("█",ROUND(MIN(H22,IF($B22="Velocity",MAX(1,N(D22),N(F22),N(H22),N(J22),N(L22),N(N22)),100))/IF($B22="Velocity",MAX(1,N(D22),N(F22),N(H22),N(J22),N(L22),N(N22)),100)*14,0)),"") | J22: =IF(J$21="","",IF(COUNTIFS('KPI Summary'!$A$4:$A$999,J$21,'KPI Summary'!$C$4:$C$999,$B22,'KPI Summary'!$G$4:$G$999,">=0")=0,"not measured",SUMIFS('KPI Summary'!$G$4:$G$999,'KPI Summary'!$A$4:$A$999,J$21,'KPI Summary'!$C$4:$C$999,$B22))) | K22: =IF(ISNUMBER(J22),REPT("█",ROUND(MIN(J22,IF($B22="Velocity",MAX(1,N(D22),N(F22),N(H22),N(J22),N(L22),N(N22)),100))/IF($B22="Velocity",MAX(1,N(D22),N(F22),N(H22),N(J22),N(L22),N(N22)),100)*14,0)),"") | L22: =IF(L$21="","",IF(COUNTIFS('KPI Summary'!$A$4:$A$999,L$21,'KPI Summary'!$C$4:$C$999,$B22,'KPI Summary'!$G$4:$G$999,">=0")=0,"not measured",SUMIFS('KPI Summary'!$G$4:$G$999,'KPI Summary'!$A$4:$A$999,L$21,'KPI Summary'!$C$4:$C$999,$B22))) | M22: =IF(ISNUMBER(L22),REPT("█",ROUND(MIN(L22,IF($B22="Velocity",MAX(1,N(D22),N(F22),N(H22),N(J22),N(L22),N(N22)),100))/IF($B22="Velocity",MAX(1,N(D22),N(F22),N(H22),N(J22),N(L22),N(N22)),100)*14,0)),"") | N22: =IF(N$21="","",IF(COUNTIFS('KPI Summary'!$A$4:$A$999,N$21,'KPI Summary'!$C$4:$C$999,$B22,'KPI Summary'!$G$4:$G$999,">=0")=0,"not measured",SUMIFS('KPI Summary'!$G$4:$G$999,'KPI Summary'!$A$4:$A$999,N$21,'KPI Summary'!$C$4:$C$999,$B22))) | O22: =IF(ISNUMBER(N22),REPT("█",ROUND(MIN(N22,IF($B22="Velocity",MAX(1,N(D22),N(F22),N(H22),N(J22),N(L22),N(N22)),100))/IF($B22="Velocity",MAX(1,N(D22),N(F22),N(H22),N(J22),N(L22),N(N22)),100)*14,0)),"") | T22: =IF(ISNUMBER(D22),IF(COUNTIFS('KPI Summary'!$A$4:$A$999,D$21,'KPI Summary'!$C$4:$C$999,$B22,'KPI Summary'!$J$4:$J$999,"Met")>0,1,0),"") | U22: =IF(ISNUMBER(F22),IF(COUNTIFS('KPI Summary'!$A$4:$A$999,F$21,'KPI Summary'!$C$4:$C$999,$B22,'KPI Summary'!$J$4:$J$999,"Met")>0,1,0),"") | V22: =IF(ISNUMBER(H22),IF(COUNTIFS('KPI Summary'!$A$4:$A$999,H$21,'KPI Summary'!$C$4:$C$999,$B22,'KPI Summary'!$J$4:$J$999,"Met")>0,1,0),"") | W22: =IF(ISNUMBER(J22),IF(COUNTIFS('KPI Summary'!$A$4:$A$999,J$21,'KPI Summary'!$C$4:$C$999,$B22,'KPI Summary'!$J$4:$J$999,"Met")>0,1,0),"") | X22: =IF(ISNUMBER(L22),IF(COUNTIFS('KPI Summary'!$A$4:$A$999,L$21,'KPI Summary'!$C$4:$C$999,$B22,'KPI Summary'!$J$4:$J$999,"Met")>0,1,0),"") | Y22: =IF(ISNUMBER(N22),IF(COUNTIFS('KPI Summary'!$A$4:$A$999,N$21,'KPI Summary'!$C$4:$C$999,$B22,'KPI Summary'!$J$4:$J$999,"Met")>0,1,0),"")
B23: Task Comprehension | C23: =IFERROR(IF(INDEX(Config!$E$29:$E$37,MATCH($B23,Config!$B$29:$B$37,0))="Min","at least ","at most ")&INDEX(Config!$F$29:$F$37,MATCH($B23,Config!$B$29:$B$37,0))&IF($B23="Velocity",""," %"),"") | D23: =IF(D$21="","",IF(COUNTIFS('KPI Summary'!$A$4:$A$999,D$21,'KPI Summary'!$C$4:$C$999,$B23,'KPI Summary'!$G$4:$G$999,">=0")=0,"not measured",SUMIFS('KPI Summary'!$G$4:$G$999,'KPI Summary'!$A$4:$A$999,D$21,'KPI Summary'!$C$4:$C$999,$B23))) | E23: =IF(ISNUMBER(D23),REPT("█",ROUND(MIN(D23,IF($B23="Velocity",MAX(1,N(D23),N(F23),N(H23),N(J23),N(L23),N(N23)),100))/IF($B23="Velocity",MAX(1,N(D23),N(F23),N(H23),N(J23),N(L23),N(N23)),100)*14,0)),"") | F23: =IF(F$21="","",IF(COUNTIFS('KPI Summary'!$A$4:$A$999,F$21,'KPI Summary'!$C$4:$C$999,$B23,'KPI Summary'!$G$4:$G$999,">=0")=0,"not measured",SUMIFS('KPI Summary'!$G$4:$G$999,'KPI Summary'!$A$4:$A$999,F$21,'KPI Summary'!$C$4:$C$999,$B23))) | G23: =IF(ISNUMBER(F23),REPT("█",ROUND(MIN(F23,IF($B23="Velocity",MAX(1,N(D23),N(F23),N(H23),N(J23),N(L23),N(N23)),100))/IF($B23="Velocity",MAX(1,N(D23),N(F23),N(H23),N(J23),N(L23),N(N23)),100)*14,0)),"") | H23: =IF(H$21="","",IF(COUNTIFS('KPI Summary'!$A$4:$A$999,H$21,'KPI Summary'!$C$4:$C$999,$B23,'KPI Summary'!$G$4:$G$999,">=0")=0,"not measured",SUMIFS('KPI Summary'!$G$4:$G$999,'KPI Summary'!$A$4:$A$999,H$21,'KPI Summary'!$C$4:$C$999,$B23))) | I23: =IF(ISNUMBER(H23),REPT("█",ROUND(MIN(H23,IF($B23="Velocity",MAX(1,N(D23),N(F23),N(H23),N(J23),N(L23),N(N23)),100))/IF($B23="Velocity",MAX(1,N(D23),N(F23),N(H23),N(J23),N(L23),N(N23)),100)*14,0)),"") | J23: =IF(J$21="","",IF(COUNTIFS('KPI Summary'!$A$4:$A$999,J$21,'KPI Summary'!$C$4:$C$999,$B23,'KPI Summary'!$G$4:$G$999,">=0")=0,"not measured",SUMIFS('KPI Summary'!$G$4:$G$999,'KPI Summary'!$A$4:$A$999,J$21,'KPI Summary'!$C$4:$C$999,$B23))) | K23: =IF(ISNUMBER(J23),REPT("█",ROUND(MIN(J23,IF($B23="Velocity",MAX(1,N(D23),N(F23),N(H23),N(J23),N(L23),N(N23)),100))/IF($B23="Velocity",MAX(1,N(D23),N(F23),N(H23),N(J23),N(L23),N(N23)),100)*14,0)),"") | L23: =IF(L$21="","",IF(COUNTIFS('KPI Summary'!$A$4:$A$999,L$21,'KPI Summary'!$C$4:$C$999,$B23,'KPI Summary'!$G$4:$G$999,">=0")=0,"not measured",SUMIFS('KPI Summary'!$G$4:$G$999,'KPI Summary'!$A$4:$A$999,L$21,'KPI Summary'!$C$4:$C$999,$B23))) | M23: =IF(ISNUMBER(L23),REPT("█",ROUND(MIN(L23,IF($B23="Velocity",MAX(1,N(D23),N(F23),N(H23),N(J23),N(L23),N(N23)),100))/IF($B23="Velocity",MAX(1,N(D23),N(F23),N(H23),N(J23),N(L23),N(N23)),100)*14,0)),"") | N23: =IF(N$21="","",IF(COUNTIFS('KPI Summary'!$A$4:$A$999,N$21,'KPI Summary'!$C$4:$C$999,$B23,'KPI Summary'!$G$4:$G$999,">=0")=0,"not measured",SUMIFS('KPI Summary'!$G$4:$G$999,'KPI Summary'!$A$4:$A$999,N$21,'KPI Summary'!$C$4:$C$999,$B23))) | O23: =IF(ISNUMBER(N23),REPT("█",ROUND(MIN(N23,IF($B23="Velocity",MAX(1,N(D23),N(F23),N(H23),N(J23),N(L23),N(N23)),100))/IF($B23="Velocity",MAX(1,N(D23),N(F23),N(H23),N(J23),N(L23),N(N23)),100)*14,0)),"") | T23: =IF(ISNUMBER(D23),IF(COUNTIFS('KPI Summary'!$A$4:$A$999,D$21,'KPI Summary'!$C$4:$C$999,$B23,'KPI Summary'!$J$4:$J$999,"Met")>0,1,0),"") | U23: =IF(ISNUMBER(F23),IF(COUNTIFS('KPI Summary'!$A$4:$A$999,F$21,'KPI Summary'!$C$4:$C$999,$B23,'KPI Summary'!$J$4:$J$999,"Met")>0,1,0),"") | V23: =IF(ISNUMBER(H23),IF(COUNTIFS('KPI Summary'!$A$4:$A$999,H$21,'KPI Summary'!$C$4:$C$999,$B23,'KPI Summary'!$J$4:$J$999,"Met")>0,1,0),"") | W23: =IF(ISNUMBER(J23),IF(COUNTIFS('KPI Summary'!$A$4:$A$999,J$21,'KPI Summary'!$C$4:$C$999,$B23,'KPI Summary'!$J$4:$J$999,"Met")>0,1,0),"") | X23: =IF(ISNUMBER(L23),IF(COUNTIFS('KPI Summary'!$A$4:$A$999,L$21,'KPI Summary'!$C$4:$C$999,$B23,'KPI Summary'!$J$4:$J$999,"Met")>0,1,0),"") | Y23: =IF(ISNUMBER(N23),IF(COUNTIFS('KPI Summary'!$A$4:$A$999,N$21,'KPI Summary'!$C$4:$C$999,$B23,'KPI Summary'!$J$4:$J$999,"Met")>0,1,0),"")
B24: Client Expectation | C24: =IFERROR(IF(INDEX(Config!$E$29:$E$37,MATCH($B24,Config!$B$29:$B$37,0))="Min","at least ","at most ")&INDEX(Config!$F$29:$F$37,MATCH($B24,Config!$B$29:$B$37,0))&IF($B24="Velocity",""," %"),"") | D24: =IF(D$21="","",IF(COUNTIFS('KPI Summary'!$A$4:$A$999,D$21,'KPI Summary'!$C$4:$C$999,$B24,'KPI Summary'!$G$4:$G$999,">=0")=0,"not measured",SUMIFS('KPI Summary'!$G$4:$G$999,'KPI Summary'!$A$4:$A$999,D$21,'KPI Summary'!$C$4:$C$999,$B24))) | E24: =IF(ISNUMBER(D24),REPT("█",ROUND(MIN(D24,IF($B24="Velocity",MAX(1,N(D24),N(F24),N(H24),N(J24),N(L24),N(N24)),100))/IF($B24="Velocity",MAX(1,N(D24),N(F24),N(H24),N(J24),N(L24),N(N24)),100)*14,0)),"") | F24: =IF(F$21="","",IF(COUNTIFS('KPI Summary'!$A$4:$A$999,F$21,'KPI Summary'!$C$4:$C$999,$B24,'KPI Summary'!$G$4:$G$999,">=0")=0,"not measured",SUMIFS('KPI Summary'!$G$4:$G$999,'KPI Summary'!$A$4:$A$999,F$21,'KPI Summary'!$C$4:$C$999,$B24))) | G24: =IF(ISNUMBER(F24),REPT("█",ROUND(MIN(F24,IF($B24="Velocity",MAX(1,N(D24),N(F24),N(H24),N(J24),N(L24),N(N24)),100))/IF($B24="Velocity",MAX(1,N(D24),N(F24),N(H24),N(J24),N(L24),N(N24)),100)*14,0)),"") | H24: =IF(H$21="","",IF(COUNTIFS('KPI Summary'!$A$4:$A$999,H$21,'KPI Summary'!$C$4:$C$999,$B24,'KPI Summary'!$G$4:$G$999,">=0")=0,"not measured",SUMIFS('KPI Summary'!$G$4:$G$999,'KPI Summary'!$A$4:$A$999,H$21,'KPI Summary'!$C$4:$C$999,$B24))) | I24: =IF(ISNUMBER(H24),REPT("█",ROUND(MIN(H24,IF($B24="Velocity",MAX(1,N(D24),N(F24),N(H24),N(J24),N(L24),N(N24)),100))/IF($B24="Velocity",MAX(1,N(D24),N(F24),N(H24),N(J24),N(L24),N(N24)),100)*14,0)),"") | J24: =IF(J$21="","",IF(COUNTIFS('KPI Summary'!$A$4:$A$999,J$21,'KPI Summary'!$C$4:$C$999,$B24,'KPI Summary'!$G$4:$G$999,">=0")=0,"not measured",SUMIFS('KPI Summary'!$G$4:$G$999,'KPI Summary'!$A$4:$A$999,J$21,'KPI Summary'!$C$4:$C$999,$B24))) | K24: =IF(ISNUMBER(J24),REPT("█",ROUND(MIN(J24,IF($B24="Velocity",MAX(1,N(D24),N(F24),N(H24),N(J24),N(L24),N(N24)),100))/IF($B24="Velocity",MAX(1,N(D24),N(F24),N(H24),N(J24),N(L24),N(N24)),100)*14,0)),"") | L24: =IF(L$21="","",IF(COUNTIFS('KPI Summary'!$A$4:$A$999,L$21,'KPI Summary'!$C$4:$C$999,$B24,'KPI Summary'!$G$4:$G$999,">=0")=0,"not measured",SUMIFS('KPI Summary'!$G$4:$G$999,'KPI Summary'!$A$4:$A$999,L$21,'KPI Summary'!$C$4:$C$999,$B24))) | M24: =IF(ISNUMBER(L24),REPT("█",ROUND(MIN(L24,IF($B24="Velocity",MAX(1,N(D24),N(F24),N(H24),N(J24),N(L24),N(N24)),100))/IF($B24="Velocity",MAX(1,N(D24),N(F24),N(H24),N(J24),N(L24),N(N24)),100)*14,0)),"") | N24: =IF(N$21="","",IF(COUNTIFS('KPI Summary'!$A$4:$A$999,N$21,'KPI Summary'!$C$4:$C$999,$B24,'KPI Summary'!$G$4:$G$999,">=0")=0,"not measured",SUMIFS('KPI Summary'!$G$4:$G$999,'KPI Summary'!$A$4:$A$999,N$21,'KPI Summary'!$C$4:$C$999,$B24))) | O24: =IF(ISNUMBER(N24),REPT("█",ROUND(MIN(N24,IF($B24="Velocity",MAX(1,N(D24),N(F24),N(H24),N(J24),N(L24),N(N24)),100))/IF($B24="Velocity",MAX(1,N(D24),N(F24),N(H24),N(J24),N(L24),N(N24)),100)*14,0)),"") | T24: =IF(ISNUMBER(D24),IF(COUNTIFS('KPI Summary'!$A$4:$A$999,D$21,'KPI Summary'!$C$4:$C$999,$B24,'KPI Summary'!$J$4:$J$999,"Met")>0,1,0),"") | U24: =IF(ISNUMBER(F24),IF(COUNTIFS('KPI Summary'!$A$4:$A$999,F$21,'KPI Summary'!$C$4:$C$999,$B24,'KPI Summary'!$J$4:$J$999,"Met")>0,1,0),"") | V24: =IF(ISNUMBER(H24),IF(COUNTIFS('KPI Summary'!$A$4:$A$999,H$21,'KPI Summary'!$C$4:$C$999,$B24,'KPI Summary'!$J$4:$J$999,"Met")>0,1,0),"") | W24: =IF(ISNUMBER(J24),IF(COUNTIFS('KPI Summary'!$A$4:$A$999,J$21,'KPI Summary'!$C$4:$C$999,$B24,'KPI Summary'!$J$4:$J$999,"Met")>0,1,0),"") | X24: =IF(ISNUMBER(L24),IF(COUNTIFS('KPI Summary'!$A$4:$A$999,L$21,'KPI Summary'!$C$4:$C$999,$B24,'KPI Summary'!$J$4:$J$999,"Met")>0,1,0),"") | Y24: =IF(ISNUMBER(N24),IF(COUNTIFS('KPI Summary'!$A$4:$A$999,N$21,'KPI Summary'!$C$4:$C$999,$B24,'KPI Summary'!$J$4:$J$999,"Met")>0,1,0),"")
B25: Delivery Commitment | C25: =IFERROR(IF(INDEX(Config!$E$29:$E$37,MATCH($B25,Config!$B$29:$B$37,0))="Min","at least ","at most ")&INDEX(Config!$F$29:$F$37,MATCH($B25,Config!$B$29:$B$37,0))&IF($B25="Velocity",""," %"),"") | D25: =IF(D$21="","",IF(COUNTIFS('KPI Summary'!$A$4:$A$999,D$21,'KPI Summary'!$C$4:$C$999,$B25,'KPI Summary'!$G$4:$G$999,">=0")=0,"not measured",SUMIFS('KPI Summary'!$G$4:$G$999,'KPI Summary'!$A$4:$A$999,D$21,'KPI Summary'!$C$4:$C$999,$B25))) | E25: =IF(ISNUMBER(D25),REPT("█",ROUND(MIN(D25,IF($B25="Velocity",MAX(1,N(D25),N(F25),N(H25),N(J25),N(L25),N(N25)),100))/IF($B25="Velocity",MAX(1,N(D25),N(F25),N(H25),N(J25),N(L25),N(N25)),100)*14,0)),"") | F25: =IF(F$21="","",IF(COUNTIFS('KPI Summary'!$A$4:$A$999,F$21,'KPI Summary'!$C$4:$C$999,$B25,'KPI Summary'!$G$4:$G$999,">=0")=0,"not measured",SUMIFS('KPI Summary'!$G$4:$G$999,'KPI Summary'!$A$4:$A$999,F$21,'KPI Summary'!$C$4:$C$999,$B25))) | G25: =IF(ISNUMBER(F25),REPT("█",ROUND(MIN(F25,IF($B25="Velocity",MAX(1,N(D25),N(F25),N(H25),N(J25),N(L25),N(N25)),100))/IF($B25="Velocity",MAX(1,N(D25),N(F25),N(H25),N(J25),N(L25),N(N25)),100)*14,0)),"") | H25: =IF(H$21="","",IF(COUNTIFS('KPI Summary'!$A$4:$A$999,H$21,'KPI Summary'!$C$4:$C$999,$B25,'KPI Summary'!$G$4:$G$999,">=0")=0,"not measured",SUMIFS('KPI Summary'!$G$4:$G$999,'KPI Summary'!$A$4:$A$999,H$21,'KPI Summary'!$C$4:$C$999,$B25))) | I25: =IF(ISNUMBER(H25),REPT("█",ROUND(MIN(H25,IF($B25="Velocity",MAX(1,N(D25),N(F25),N(H25),N(J25),N(L25),N(N25)),100))/IF($B25="Velocity",MAX(1,N(D25),N(F25),N(H25),N(J25),N(L25),N(N25)),100)*14,0)),"") | J25: =IF(J$21="","",IF(COUNTIFS('KPI Summary'!$A$4:$A$999,J$21,'KPI Summary'!$C$4:$C$999,$B25,'KPI Summary'!$G$4:$G$999,">=0")=0,"not measured",SUMIFS('KPI Summary'!$G$4:$G$999,'KPI Summary'!$A$4:$A$999,J$21,'KPI Summary'!$C$4:$C$999,$B25))) | K25: =IF(ISNUMBER(J25),REPT("█",ROUND(MIN(J25,IF($B25="Velocity",MAX(1,N(D25),N(F25),N(H25),N(J25),N(L25),N(N25)),100))/IF($B25="Velocity",MAX(1,N(D25),N(F25),N(H25),N(J25),N(L25),N(N25)),100)*14,0)),"") | L25: =IF(L$21="","",IF(COUNTIFS('KPI Summary'!$A$4:$A$999,L$21,'KPI Summary'!$C$4:$C$999,$B25,'KPI Summary'!$G$4:$G$999,">=0")=0,"not measured",SUMIFS('KPI Summary'!$G$4:$G$999,'KPI Summary'!$A$4:$A$999,L$21,'KPI Summary'!$C$4:$C$999,$B25))) | M25: =IF(ISNUMBER(L25),REPT("█",ROUND(MIN(L25,IF($B25="Velocity",MAX(1,N(D25),N(F25),N(H25),N(J25),N(L25),N(N25)),100))/IF($B25="Velocity",MAX(1,N(D25),N(F25),N(H25),N(J25),N(L25),N(N25)),100)*14,0)),"") | N25: =IF(N$21="","",IF(COUNTIFS('KPI Summary'!$A$4:$A$999,N$21,'KPI Summary'!$C$4:$C$999,$B25,'KPI Summary'!$G$4:$G$999,">=0")=0,"not measured",SUMIFS('KPI Summary'!$G$4:$G$999,'KPI Summary'!$A$4:$A$999,N$21,'KPI Summary'!$C$4:$C$999,$B25))) | O25: =IF(ISNUMBER(N25),REPT("█",ROUND(MIN(N25,IF($B25="Velocity",MAX(1,N(D25),N(F25),N(H25),N(J25),N(L25),N(N25)),100))/IF($B25="Velocity",MAX(1,N(D25),N(F25),N(H25),N(J25),N(L25),N(N25)),100)*14,0)),"") | T25: =IF(ISNUMBER(D25),IF(COUNTIFS('KPI Summary'!$A$4:$A$999,D$21,'KPI Summary'!$C$4:$C$999,$B25,'KPI Summary'!$J$4:$J$999,"Met")>0,1,0),"") | U25: =IF(ISNUMBER(F25),IF(COUNTIFS('KPI Summary'!$A$4:$A$999,F$21,'KPI Summary'!$C$4:$C$999,$B25,'KPI Summary'!$J$4:$J$999,"Met")>0,1,0),"") | V25: =IF(ISNUMBER(H25),IF(COUNTIFS('KPI Summary'!$A$4:$A$999,H$21,'KPI Summary'!$C$4:$C$999,$B25,'KPI Summary'!$J$4:$J$999,"Met")>0,1,0),"") | W25: =IF(ISNUMBER(J25),IF(COUNTIFS('KPI Summary'!$A$4:$A$999,J$21,'KPI Summary'!$C$4:$C$999,$B25,'KPI Summary'!$J$4:$J$999,"Met")>0,1,0),"") | X25: =IF(ISNUMBER(L25),IF(COUNTIFS('KPI Summary'!$A$4:$A$999,L$21,'KPI Summary'!$C$4:$C$999,$B25,'KPI Summary'!$J$4:$J$999,"Met")>0,1,0),"") | Y25: =IF(ISNUMBER(N25),IF(COUNTIFS('KPI Summary'!$A$4:$A$999,N$21,'KPI Summary'!$C$4:$C$999,$B25,'KPI Summary'!$J$4:$J$999,"Met")>0,1,0),"")
B26: Defect Rate | C26: =IFERROR(IF(INDEX(Config!$E$29:$E$37,MATCH($B26,Config!$B$29:$B$37,0))="Min","at least ","at most ")&INDEX(Config!$F$29:$F$37,MATCH($B26,Config!$B$29:$B$37,0))&IF($B26="Velocity",""," %"),"") | D26: =IF(D$21="","",IF(COUNTIFS('KPI Summary'!$A$4:$A$999,D$21,'KPI Summary'!$C$4:$C$999,$B26,'KPI Summary'!$G$4:$G$999,">=0")=0,"not measured",SUMIFS('KPI Summary'!$G$4:$G$999,'KPI Summary'!$A$4:$A$999,D$21,'KPI Summary'!$C$4:$C$999,$B26))) | E26: =IF(ISNUMBER(D26),REPT("█",ROUND(MIN(D26,IF($B26="Velocity",MAX(1,N(D26),N(F26),N(H26),N(J26),N(L26),N(N26)),100))/IF($B26="Velocity",MAX(1,N(D26),N(F26),N(H26),N(J26),N(L26),N(N26)),100)*14,0)),"") | F26: =IF(F$21="","",IF(COUNTIFS('KPI Summary'!$A$4:$A$999,F$21,'KPI Summary'!$C$4:$C$999,$B26,'KPI Summary'!$G$4:$G$999,">=0")=0,"not measured",SUMIFS('KPI Summary'!$G$4:$G$999,'KPI Summary'!$A$4:$A$999,F$21,'KPI Summary'!$C$4:$C$999,$B26))) | G26: =IF(ISNUMBER(F26),REPT("█",ROUND(MIN(F26,IF($B26="Velocity",MAX(1,N(D26),N(F26),N(H26),N(J26),N(L26),N(N26)),100))/IF($B26="Velocity",MAX(1,N(D26),N(F26),N(H26),N(J26),N(L26),N(N26)),100)*14,0)),"") | H26: =IF(H$21="","",IF(COUNTIFS('KPI Summary'!$A$4:$A$999,H$21,'KPI Summary'!$C$4:$C$999,$B26,'KPI Summary'!$G$4:$G$999,">=0")=0,"not measured",SUMIFS('KPI Summary'!$G$4:$G$999,'KPI Summary'!$A$4:$A$999,H$21,'KPI Summary'!$C$4:$C$999,$B26))) | I26: =IF(ISNUMBER(H26),REPT("█",ROUND(MIN(H26,IF($B26="Velocity",MAX(1,N(D26),N(F26),N(H26),N(J26),N(L26),N(N26)),100))/IF($B26="Velocity",MAX(1,N(D26),N(F26),N(H26),N(J26),N(L26),N(N26)),100)*14,0)),"") | J26: =IF(J$21="","",IF(COUNTIFS('KPI Summary'!$A$4:$A$999,J$21,'KPI Summary'!$C$4:$C$999,$B26,'KPI Summary'!$G$4:$G$999,">=0")=0,"not measured",SUMIFS('KPI Summary'!$G$4:$G$999,'KPI Summary'!$A$4:$A$999,J$21,'KPI Summary'!$C$4:$C$999,$B26))) | K26: =IF(ISNUMBER(J26),REPT("█",ROUND(MIN(J26,IF($B26="Velocity",MAX(1,N(D26),N(F26),N(H26),N(J26),N(L26),N(N26)),100))/IF($B26="Velocity",MAX(1,N(D26),N(F26),N(H26),N(J26),N(L26),N(N26)),100)*14,0)),"") | L26: =IF(L$21="","",IF(COUNTIFS('KPI Summary'!$A$4:$A$999,L$21,'KPI Summary'!$C$4:$C$999,$B26,'KPI Summary'!$G$4:$G$999,">=0")=0,"not measured",SUMIFS('KPI Summary'!$G$4:$G$999,'KPI Summary'!$A$4:$A$999,L$21,'KPI Summary'!$C$4:$C$999,$B26))) | M26: =IF(ISNUMBER(L26),REPT("█",ROUND(MIN(L26,IF($B26="Velocity",MAX(1,N(D26),N(F26),N(H26),N(J26),N(L26),N(N26)),100))/IF($B26="Velocity",MAX(1,N(D26),N(F26),N(H26),N(J26),N(L26),N(N26)),100)*14,0)),"") | N26: =IF(N$21="","",IF(COUNTIFS('KPI Summary'!$A$4:$A$999,N$21,'KPI Summary'!$C$4:$C$999,$B26,'KPI Summary'!$G$4:$G$999,">=0")=0,"not measured",SUMIFS('KPI Summary'!$G$4:$G$999,'KPI Summary'!$A$4:$A$999,N$21,'KPI Summary'!$C$4:$C$999,$B26))) | O26: =IF(ISNUMBER(N26),REPT("█",ROUND(MIN(N26,IF($B26="Velocity",MAX(1,N(D26),N(F26),N(H26),N(J26),N(L26),N(N26)),100))/IF($B26="Velocity",MAX(1,N(D26),N(F26),N(H26),N(J26),N(L26),N(N26)),100)*14,0)),"") | T26: =IF(ISNUMBER(D26),IF(COUNTIFS('KPI Summary'!$A$4:$A$999,D$21,'KPI Summary'!$C$4:$C$999,$B26,'KPI Summary'!$J$4:$J$999,"Met")>0,1,0),"") | U26: =IF(ISNUMBER(F26),IF(COUNTIFS('KPI Summary'!$A$4:$A$999,F$21,'KPI Summary'!$C$4:$C$999,$B26,'KPI Summary'!$J$4:$J$999,"Met")>0,1,0),"") | V26: =IF(ISNUMBER(H26),IF(COUNTIFS('KPI Summary'!$A$4:$A$999,H$21,'KPI Summary'!$C$4:$C$999,$B26,'KPI Summary'!$J$4:$J$999,"Met")>0,1,0),"") | W26: =IF(ISNUMBER(J26),IF(COUNTIFS('KPI Summary'!$A$4:$A$999,J$21,'KPI Summary'!$C$4:$C$999,$B26,'KPI Summary'!$J$4:$J$999,"Met")>0,1,0),"") | X26: =IF(ISNUMBER(L26),IF(COUNTIFS('KPI Summary'!$A$4:$A$999,L$21,'KPI Summary'!$C$4:$C$999,$B26,'KPI Summary'!$J$4:$J$999,"Met")>0,1,0),"") | Y26: =IF(ISNUMBER(N26),IF(COUNTIFS('KPI Summary'!$A$4:$A$999,N$21,'KPI Summary'!$C$4:$C$999,$B26,'KPI Summary'!$J$4:$J$999,"Met")>0,1,0),"")
B27: Escaped Defect Rate | C27: =IFERROR(IF(INDEX(Config!$E$29:$E$37,MATCH($B27,Config!$B$29:$B$37,0))="Min","at least ","at most ")&INDEX(Config!$F$29:$F$37,MATCH($B27,Config!$B$29:$B$37,0))&IF($B27="Velocity",""," %"),"") | D27: =IF(D$21="","",IF(COUNTIFS('KPI Summary'!$A$4:$A$999,D$21,'KPI Summary'!$C$4:$C$999,$B27,'KPI Summary'!$G$4:$G$999,">=0")=0,"not measured",SUMIFS('KPI Summary'!$G$4:$G$999,'KPI Summary'!$A$4:$A$999,D$21,'KPI Summary'!$C$4:$C$999,$B27))) | E27: =IF(ISNUMBER(D27),REPT("█",ROUND(MIN(D27,IF($B27="Velocity",MAX(1,N(D27),N(F27),N(H27),N(J27),N(L27),N(N27)),100))/IF($B27="Velocity",MAX(1,N(D27),N(F27),N(H27),N(J27),N(L27),N(N27)),100)*14,0)),"") | F27: =IF(F$21="","",IF(COUNTIFS('KPI Summary'!$A$4:$A$999,F$21,'KPI Summary'!$C$4:$C$999,$B27,'KPI Summary'!$G$4:$G$999,">=0")=0,"not measured",SUMIFS('KPI Summary'!$G$4:$G$999,'KPI Summary'!$A$4:$A$999,F$21,'KPI Summary'!$C$4:$C$999,$B27))) | G27: =IF(ISNUMBER(F27),REPT("█",ROUND(MIN(F27,IF($B27="Velocity",MAX(1,N(D27),N(F27),N(H27),N(J27),N(L27),N(N27)),100))/IF($B27="Velocity",MAX(1,N(D27),N(F27),N(H27),N(J27),N(L27),N(N27)),100)*14,0)),"") | H27: =IF(H$21="","",IF(COUNTIFS('KPI Summary'!$A$4:$A$999,H$21,'KPI Summary'!$C$4:$C$999,$B27,'KPI Summary'!$G$4:$G$999,">=0")=0,"not measured",SUMIFS('KPI Summary'!$G$4:$G$999,'KPI Summary'!$A$4:$A$999,H$21,'KPI Summary'!$C$4:$C$999,$B27))) | I27: =IF(ISNUMBER(H27),REPT("█",ROUND(MIN(H27,IF($B27="Velocity",MAX(1,N(D27),N(F27),N(H27),N(J27),N(L27),N(N27)),100))/IF($B27="Velocity",MAX(1,N(D27),N(F27),N(H27),N(J27),N(L27),N(N27)),100)*14,0)),"") | J27: =IF(J$21="","",IF(COUNTIFS('KPI Summary'!$A$4:$A$999,J$21,'KPI Summary'!$C$4:$C$999,$B27,'KPI Summary'!$G$4:$G$999,">=0")=0,"not measured",SUMIFS('KPI Summary'!$G$4:$G$999,'KPI Summary'!$A$4:$A$999,J$21,'KPI Summary'!$C$4:$C$999,$B27))) | K27: =IF(ISNUMBER(J27),REPT("█",ROUND(MIN(J27,IF($B27="Velocity",MAX(1,N(D27),N(F27),N(H27),N(J27),N(L27),N(N27)),100))/IF($B27="Velocity",MAX(1,N(D27),N(F27),N(H27),N(J27),N(L27),N(N27)),100)*14,0)),"") | L27: =IF(L$21="","",IF(COUNTIFS('KPI Summary'!$A$4:$A$999,L$21,'KPI Summary'!$C$4:$C$999,$B27,'KPI Summary'!$G$4:$G$999,">=0")=0,"not measured",SUMIFS('KPI Summary'!$G$4:$G$999,'KPI Summary'!$A$4:$A$999,L$21,'KPI Summary'!$C$4:$C$999,$B27))) | M27: =IF(ISNUMBER(L27),REPT("█",ROUND(MIN(L27,IF($B27="Velocity",MAX(1,N(D27),N(F27),N(H27),N(J27),N(L27),N(N27)),100))/IF($B27="Velocity",MAX(1,N(D27),N(F27),N(H27),N(J27),N(L27),N(N27)),100)*14,0)),"") | N27: =IF(N$21="","",IF(COUNTIFS('KPI Summary'!$A$4:$A$999,N$21,'KPI Summary'!$C$4:$C$999,$B27,'KPI Summary'!$G$4:$G$999,">=0")=0,"not measured",SUMIFS('KPI Summary'!$G$4:$G$999,'KPI Summary'!$A$4:$A$999,N$21,'KPI Summary'!$C$4:$C$999,$B27))) | O27: =IF(ISNUMBER(N27),REPT("█",ROUND(MIN(N27,IF($B27="Velocity",MAX(1,N(D27),N(F27),N(H27),N(J27),N(L27),N(N27)),100))/IF($B27="Velocity",MAX(1,N(D27),N(F27),N(H27),N(J27),N(L27),N(N27)),100)*14,0)),"") | T27: =IF(ISNUMBER(D27),IF(COUNTIFS('KPI Summary'!$A$4:$A$999,D$21,'KPI Summary'!$C$4:$C$999,$B27,'KPI Summary'!$J$4:$J$999,"Met")>0,1,0),"") | U27: =IF(ISNUMBER(F27),IF(COUNTIFS('KPI Summary'!$A$4:$A$999,F$21,'KPI Summary'!$C$4:$C$999,$B27,'KPI Summary'!$J$4:$J$999,"Met")>0,1,0),"") | V27: =IF(ISNUMBER(H27),IF(COUNTIFS('KPI Summary'!$A$4:$A$999,H$21,'KPI Summary'!$C$4:$C$999,$B27,'KPI Summary'!$J$4:$J$999,"Met")>0,1,0),"") | W27: =IF(ISNUMBER(J27),IF(COUNTIFS('KPI Summary'!$A$4:$A$999,J$21,'KPI Summary'!$C$4:$C$999,$B27,'KPI Summary'!$J$4:$J$999,"Met")>0,1,0),"") | X27: =IF(ISNUMBER(L27),IF(COUNTIFS('KPI Summary'!$A$4:$A$999,L$21,'KPI Summary'!$C$4:$C$999,$B27,'KPI Summary'!$J$4:$J$999,"Met")>0,1,0),"") | Y27: =IF(ISNUMBER(N27),IF(COUNTIFS('KPI Summary'!$A$4:$A$999,N$21,'KPI Summary'!$C$4:$C$999,$B27,'KPI Summary'!$J$4:$J$999,"Met")>0,1,0),"")
B28: Defect Rejection Rate | C28: =IFERROR(IF(INDEX(Config!$E$29:$E$37,MATCH($B28,Config!$B$29:$B$37,0))="Min","at least ","at most ")&INDEX(Config!$F$29:$F$37,MATCH($B28,Config!$B$29:$B$37,0))&IF($B28="Velocity",""," %"),"") | D28: =IF(D$21="","",IF(COUNTIFS('KPI Summary'!$A$4:$A$999,D$21,'KPI Summary'!$C$4:$C$999,$B28,'KPI Summary'!$G$4:$G$999,">=0")=0,"not measured",SUMIFS('KPI Summary'!$G$4:$G$999,'KPI Summary'!$A$4:$A$999,D$21,'KPI Summary'!$C$4:$C$999,$B28))) | E28: =IF(ISNUMBER(D28),REPT("█",ROUND(MIN(D28,IF($B28="Velocity",MAX(1,N(D28),N(F28),N(H28),N(J28),N(L28),N(N28)),100))/IF($B28="Velocity",MAX(1,N(D28),N(F28),N(H28),N(J28),N(L28),N(N28)),100)*14,0)),"") | F28: =IF(F$21="","",IF(COUNTIFS('KPI Summary'!$A$4:$A$999,F$21,'KPI Summary'!$C$4:$C$999,$B28,'KPI Summary'!$G$4:$G$999,">=0")=0,"not measured",SUMIFS('KPI Summary'!$G$4:$G$999,'KPI Summary'!$A$4:$A$999,F$21,'KPI Summary'!$C$4:$C$999,$B28))) | G28: =IF(ISNUMBER(F28),REPT("█",ROUND(MIN(F28,IF($B28="Velocity",MAX(1,N(D28),N(F28),N(H28),N(J28),N(L28),N(N28)),100))/IF($B28="Velocity",MAX(1,N(D28),N(F28),N(H28),N(J28),N(L28),N(N28)),100)*14,0)),"") | H28: =IF(H$21="","",IF(COUNTIFS('KPI Summary'!$A$4:$A$999,H$21,'KPI Summary'!$C$4:$C$999,$B28,'KPI Summary'!$G$4:$G$999,">=0")=0,"not measured",SUMIFS('KPI Summary'!$G$4:$G$999,'KPI Summary'!$A$4:$A$999,H$21,'KPI Summary'!$C$4:$C$999,$B28))) | I28: =IF(ISNUMBER(H28),REPT("█",ROUND(MIN(H28,IF($B28="Velocity",MAX(1,N(D28),N(F28),N(H28),N(J28),N(L28),N(N28)),100))/IF($B28="Velocity",MAX(1,N(D28),N(F28),N(H28),N(J28),N(L28),N(N28)),100)*14,0)),"") | J28: =IF(J$21="","",IF(COUNTIFS('KPI Summary'!$A$4:$A$999,J$21,'KPI Summary'!$C$4:$C$999,$B28,'KPI Summary'!$G$4:$G$999,">=0")=0,"not measured",SUMIFS('KPI Summary'!$G$4:$G$999,'KPI Summary'!$A$4:$A$999,J$21,'KPI Summary'!$C$4:$C$999,$B28))) | K28: =IF(ISNUMBER(J28),REPT("█",ROUND(MIN(J28,IF($B28="Velocity",MAX(1,N(D28),N(F28),N(H28),N(J28),N(L28),N(N28)),100))/IF($B28="Velocity",MAX(1,N(D28),N(F28),N(H28),N(J28),N(L28),N(N28)),100)*14,0)),"") | L28: =IF(L$21="","",IF(COUNTIFS('KPI Summary'!$A$4:$A$999,L$21,'KPI Summary'!$C$4:$C$999,$B28,'KPI Summary'!$G$4:$G$999,">=0")=0,"not measured",SUMIFS('KPI Summary'!$G$4:$G$999,'KPI Summary'!$A$4:$A$999,L$21,'KPI Summary'!$C$4:$C$999,$B28))) | M28: =IF(ISNUMBER(L28),REPT("█",ROUND(MIN(L28,IF($B28="Velocity",MAX(1,N(D28),N(F28),N(H28),N(J28),N(L28),N(N28)),100))/IF($B28="Velocity",MAX(1,N(D28),N(F28),N(H28),N(J28),N(L28),N(N28)),100)*14,0)),"") | N28: =IF(N$21="","",IF(COUNTIFS('KPI Summary'!$A$4:$A$999,N$21,'KPI Summary'!$C$4:$C$999,$B28,'KPI Summary'!$G$4:$G$999,">=0")=0,"not measured",SUMIFS('KPI Summary'!$G$4:$G$999,'KPI Summary'!$A$4:$A$999,N$21,'KPI Summary'!$C$4:$C$999,$B28))) | O28: =IF(ISNUMBER(N28),REPT("█",ROUND(MIN(N28,IF($B28="Velocity",MAX(1,N(D28),N(F28),N(H28),N(J28),N(L28),N(N28)),100))/IF($B28="Velocity",MAX(1,N(D28),N(F28),N(H28),N(J28),N(L28),N(N28)),100)*14,0)),"") | T28: =IF(ISNUMBER(D28),IF(COUNTIFS('KPI Summary'!$A$4:$A$999,D$21,'KPI Summary'!$C$4:$C$999,$B28,'KPI Summary'!$J$4:$J$999,"Met")>0,1,0),"") | U28: =IF(ISNUMBER(F28),IF(COUNTIFS('KPI Summary'!$A$4:$A$999,F$21,'KPI Summary'!$C$4:$C$999,$B28,'KPI Summary'!$J$4:$J$999,"Met")>0,1,0),"") | V28: =IF(ISNUMBER(H28),IF(COUNTIFS('KPI Summary'!$A$4:$A$999,H$21,'KPI Summary'!$C$4:$C$999,$B28,'KPI Summary'!$J$4:$J$999,"Met")>0,1,0),"") | W28: =IF(ISNUMBER(J28),IF(COUNTIFS('KPI Summary'!$A$4:$A$999,J$21,'KPI Summary'!$C$4:$C$999,$B28,'KPI Summary'!$J$4:$J$999,"Met")>0,1,0),"") | X28: =IF(ISNUMBER(L28),IF(COUNTIFS('KPI Summary'!$A$4:$A$999,L$21,'KPI Summary'!$C$4:$C$999,$B28,'KPI Summary'!$J$4:$J$999,"Met")>0,1,0),"") | Y28: =IF(ISNUMBER(N28),IF(COUNTIFS('KPI Summary'!$A$4:$A$999,N$21,'KPI Summary'!$C$4:$C$999,$B28,'KPI Summary'!$J$4:$J$999,"Met")>0,1,0),"")
B29: Rework Rate | C29: =IFERROR(IF(INDEX(Config!$E$29:$E$37,MATCH($B29,Config!$B$29:$B$37,0))="Min","at least ","at most ")&INDEX(Config!$F$29:$F$37,MATCH($B29,Config!$B$29:$B$37,0))&IF($B29="Velocity",""," %"),"") | D29: =IF(D$21="","",IF(COUNTIFS('KPI Summary'!$A$4:$A$999,D$21,'KPI Summary'!$C$4:$C$999,$B29,'KPI Summary'!$G$4:$G$999,">=0")=0,"not measured",SUMIFS('KPI Summary'!$G$4:$G$999,'KPI Summary'!$A$4:$A$999,D$21,'KPI Summary'!$C$4:$C$999,$B29))) | E29: =IF(ISNUMBER(D29),REPT("█",ROUND(MIN(D29,IF($B29="Velocity",MAX(1,N(D29),N(F29),N(H29),N(J29),N(L29),N(N29)),100))/IF($B29="Velocity",MAX(1,N(D29),N(F29),N(H29),N(J29),N(L29),N(N29)),100)*14,0)),"") | F29: =IF(F$21="","",IF(COUNTIFS('KPI Summary'!$A$4:$A$999,F$21,'KPI Summary'!$C$4:$C$999,$B29,'KPI Summary'!$G$4:$G$999,">=0")=0,"not measured",SUMIFS('KPI Summary'!$G$4:$G$999,'KPI Summary'!$A$4:$A$999,F$21,'KPI Summary'!$C$4:$C$999,$B29))) | G29: =IF(ISNUMBER(F29),REPT("█",ROUND(MIN(F29,IF($B29="Velocity",MAX(1,N(D29),N(F29),N(H29),N(J29),N(L29),N(N29)),100))/IF($B29="Velocity",MAX(1,N(D29),N(F29),N(H29),N(J29),N(L29),N(N29)),100)*14,0)),"") | H29: =IF(H$21="","",IF(COUNTIFS('KPI Summary'!$A$4:$A$999,H$21,'KPI Summary'!$C$4:$C$999,$B29,'KPI Summary'!$G$4:$G$999,">=0")=0,"not measured",SUMIFS('KPI Summary'!$G$4:$G$999,'KPI Summary'!$A$4:$A$999,H$21,'KPI Summary'!$C$4:$C$999,$B29))) | I29: =IF(ISNUMBER(H29),REPT("█",ROUND(MIN(H29,IF($B29="Velocity",MAX(1,N(D29),N(F29),N(H29),N(J29),N(L29),N(N29)),100))/IF($B29="Velocity",MAX(1,N(D29),N(F29),N(H29),N(J29),N(L29),N(N29)),100)*14,0)),"") | J29: =IF(J$21="","",IF(COUNTIFS('KPI Summary'!$A$4:$A$999,J$21,'KPI Summary'!$C$4:$C$999,$B29,'KPI Summary'!$G$4:$G$999,">=0")=0,"not measured",SUMIFS('KPI Summary'!$G$4:$G$999,'KPI Summary'!$A$4:$A$999,J$21,'KPI Summary'!$C$4:$C$999,$B29))) | K29: =IF(ISNUMBER(J29),REPT("█",ROUND(MIN(J29,IF($B29="Velocity",MAX(1,N(D29),N(F29),N(H29),N(J29),N(L29),N(N29)),100))/IF($B29="Velocity",MAX(1,N(D29),N(F29),N(H29),N(J29),N(L29),N(N29)),100)*14,0)),"") | L29: =IF(L$21="","",IF(COUNTIFS('KPI Summary'!$A$4:$A$999,L$21,'KPI Summary'!$C$4:$C$999,$B29,'KPI Summary'!$G$4:$G$999,">=0")=0,"not measured",SUMIFS('KPI Summary'!$G$4:$G$999,'KPI Summary'!$A$4:$A$999,L$21,'KPI Summary'!$C$4:$C$999,$B29))) | M29: =IF(ISNUMBER(L29),REPT("█",ROUND(MIN(L29,IF($B29="Velocity",MAX(1,N(D29),N(F29),N(H29),N(J29),N(L29),N(N29)),100))/IF($B29="Velocity",MAX(1,N(D29),N(F29),N(H29),N(J29),N(L29),N(N29)),100)*14,0)),"") | N29: =IF(N$21="","",IF(COUNTIFS('KPI Summary'!$A$4:$A$999,N$21,'KPI Summary'!$C$4:$C$999,$B29,'KPI Summary'!$G$4:$G$999,">=0")=0,"not measured",SUMIFS('KPI Summary'!$G$4:$G$999,'KPI Summary'!$A$4:$A$999,N$21,'KPI Summary'!$C$4:$C$999,$B29))) | O29: =IF(ISNUMBER(N29),REPT("█",ROUND(MIN(N29,IF($B29="Velocity",MAX(1,N(D29),N(F29),N(H29),N(J29),N(L29),N(N29)),100))/IF($B29="Velocity",MAX(1,N(D29),N(F29),N(H29),N(J29),N(L29),N(N29)),100)*14,0)),"") | T29: =IF(ISNUMBER(D29),IF(COUNTIFS('KPI Summary'!$A$4:$A$999,D$21,'KPI Summary'!$C$4:$C$999,$B29,'KPI Summary'!$J$4:$J$999,"Met")>0,1,0),"") | U29: =IF(ISNUMBER(F29),IF(COUNTIFS('KPI Summary'!$A$4:$A$999,F$21,'KPI Summary'!$C$4:$C$999,$B29,'KPI Summary'!$J$4:$J$999,"Met")>0,1,0),"") | V29: =IF(ISNUMBER(H29),IF(COUNTIFS('KPI Summary'!$A$4:$A$999,H$21,'KPI Summary'!$C$4:$C$999,$B29,'KPI Summary'!$J$4:$J$999,"Met")>0,1,0),"") | W29: =IF(ISNUMBER(J29),IF(COUNTIFS('KPI Summary'!$A$4:$A$999,J$21,'KPI Summary'!$C$4:$C$999,$B29,'KPI Summary'!$J$4:$J$999,"Met")>0,1,0),"") | X29: =IF(ISNUMBER(L29),IF(COUNTIFS('KPI Summary'!$A$4:$A$999,L$21,'KPI Summary'!$C$4:$C$999,$B29,'KPI Summary'!$J$4:$J$999,"Met")>0,1,0),"") | Y29: =IF(ISNUMBER(N29),IF(COUNTIFS('KPI Summary'!$A$4:$A$999,N$21,'KPI Summary'!$C$4:$C$999,$B29,'KPI Summary'!$J$4:$J$999,"Met")>0,1,0),"")
B30: CR Rate | C30: =IFERROR(IF(INDEX(Config!$E$29:$E$37,MATCH($B30,Config!$B$29:$B$37,0))="Min","at least ","at most ")&INDEX(Config!$F$29:$F$37,MATCH($B30,Config!$B$29:$B$37,0))&IF($B30="Velocity",""," %"),"") | D30: =IF(D$21="","",IF(COUNTIFS('KPI Summary'!$A$4:$A$999,D$21,'KPI Summary'!$C$4:$C$999,$B30,'KPI Summary'!$G$4:$G$999,">=0")=0,"not measured",SUMIFS('KPI Summary'!$G$4:$G$999,'KPI Summary'!$A$4:$A$999,D$21,'KPI Summary'!$C$4:$C$999,$B30))) | E30: =IF(ISNUMBER(D30),REPT("█",ROUND(MIN(D30,IF($B30="Velocity",MAX(1,N(D30),N(F30),N(H30),N(J30),N(L30),N(N30)),100))/IF($B30="Velocity",MAX(1,N(D30),N(F30),N(H30),N(J30),N(L30),N(N30)),100)*14,0)),"") | F30: =IF(F$21="","",IF(COUNTIFS('KPI Summary'!$A$4:$A$999,F$21,'KPI Summary'!$C$4:$C$999,$B30,'KPI Summary'!$G$4:$G$999,">=0")=0,"not measured",SUMIFS('KPI Summary'!$G$4:$G$999,'KPI Summary'!$A$4:$A$999,F$21,'KPI Summary'!$C$4:$C$999,$B30))) | G30: =IF(ISNUMBER(F30),REPT("█",ROUND(MIN(F30,IF($B30="Velocity",MAX(1,N(D30),N(F30),N(H30),N(J30),N(L30),N(N30)),100))/IF($B30="Velocity",MAX(1,N(D30),N(F30),N(H30),N(J30),N(L30),N(N30)),100)*14,0)),"") | H30: =IF(H$21="","",IF(COUNTIFS('KPI Summary'!$A$4:$A$999,H$21,'KPI Summary'!$C$4:$C$999,$B30,'KPI Summary'!$G$4:$G$999,">=0")=0,"not measured",SUMIFS('KPI Summary'!$G$4:$G$999,'KPI Summary'!$A$4:$A$999,H$21,'KPI Summary'!$C$4:$C$999,$B30))) | I30: =IF(ISNUMBER(H30),REPT("█",ROUND(MIN(H30,IF($B30="Velocity",MAX(1,N(D30),N(F30),N(H30),N(J30),N(L30),N(N30)),100))/IF($B30="Velocity",MAX(1,N(D30),N(F30),N(H30),N(J30),N(L30),N(N30)),100)*14,0)),"") | J30: =IF(J$21="","",IF(COUNTIFS('KPI Summary'!$A$4:$A$999,J$21,'KPI Summary'!$C$4:$C$999,$B30,'KPI Summary'!$G$4:$G$999,">=0")=0,"not measured",SUMIFS('KPI Summary'!$G$4:$G$999,'KPI Summary'!$A$4:$A$999,J$21,'KPI Summary'!$C$4:$C$999,$B30))) | K30: =IF(ISNUMBER(J30),REPT("█",ROUND(MIN(J30,IF($B30="Velocity",MAX(1,N(D30),N(F30),N(H30),N(J30),N(L30),N(N30)),100))/IF($B30="Velocity",MAX(1,N(D30),N(F30),N(H30),N(J30),N(L30),N(N30)),100)*14,0)),"") | L30: =IF(L$21="","",IF(COUNTIFS('KPI Summary'!$A$4:$A$999,L$21,'KPI Summary'!$C$4:$C$999,$B30,'KPI Summary'!$G$4:$G$999,">=0")=0,"not measured",SUMIFS('KPI Summary'!$G$4:$G$999,'KPI Summary'!$A$4:$A$999,L$21,'KPI Summary'!$C$4:$C$999,$B30))) | M30: =IF(ISNUMBER(L30),REPT("█",ROUND(MIN(L30,IF($B30="Velocity",MAX(1,N(D30),N(F30),N(H30),N(J30),N(L30),N(N30)),100))/IF($B30="Velocity",MAX(1,N(D30),N(F30),N(H30),N(J30),N(L30),N(N30)),100)*14,0)),"") | N30: =IF(N$21="","",IF(COUNTIFS('KPI Summary'!$A$4:$A$999,N$21,'KPI Summary'!$C$4:$C$999,$B30,'KPI Summary'!$G$4:$G$999,">=0")=0,"not measured",SUMIFS('KPI Summary'!$G$4:$G$999,'KPI Summary'!$A$4:$A$999,N$21,'KPI Summary'!$C$4:$C$999,$B30))) | O30: =IF(ISNUMBER(N30),REPT("█",ROUND(MIN(N30,IF($B30="Velocity",MAX(1,N(D30),N(F30),N(H30),N(J30),N(L30),N(N30)),100))/IF($B30="Velocity",MAX(1,N(D30),N(F30),N(H30),N(J30),N(L30),N(N30)),100)*14,0)),"") | T30: =IF(ISNUMBER(D30),IF(COUNTIFS('KPI Summary'!$A$4:$A$999,D$21,'KPI Summary'!$C$4:$C$999,$B30,'KPI Summary'!$J$4:$J$999,"Met")>0,1,0),"") | U30: =IF(ISNUMBER(F30),IF(COUNTIFS('KPI Summary'!$A$4:$A$999,F$21,'KPI Summary'!$C$4:$C$999,$B30,'KPI Summary'!$J$4:$J$999,"Met")>0,1,0),"") | V30: =IF(ISNUMBER(H30),IF(COUNTIFS('KPI Summary'!$A$4:$A$999,H$21,'KPI Summary'!$C$4:$C$999,$B30,'KPI Summary'!$J$4:$J$999,"Met")>0,1,0),"") | W30: =IF(ISNUMBER(J30),IF(COUNTIFS('KPI Summary'!$A$4:$A$999,J$21,'KPI Summary'!$C$4:$C$999,$B30,'KPI Summary'!$J$4:$J$999,"Met")>0,1,0),"") | X30: =IF(ISNUMBER(L30),IF(COUNTIFS('KPI Summary'!$A$4:$A$999,L$21,'KPI Summary'!$C$4:$C$999,$B30,'KPI Summary'!$J$4:$J$999,"Met")>0,1,0),"") | Y30: =IF(ISNUMBER(N30),IF(COUNTIFS('KPI Summary'!$A$4:$A$999,N$21,'KPI Summary'!$C$4:$C$999,$B30,'KPI Summary'!$J$4:$J$999,"Met")>0,1,0),"")
A32: Status across all periods
B33: Met | C33: =COUNTIF('KPI Summary'!$J$4:$J$999,"Met") | D33: Not met | E33: =COUNTIF('KPI Summary'!$J$4:$J$999,"Below minimum")+COUNTIF('KPI Summary'!$J$4:$J$999,"Above maximum")
B34: Not measured yet | C34: =COUNTIF('KPI Summary'!$J$4:$J$999,"Not measured") | D34: Reasons still missing | E34: =SUMPRODUCT(('KPI Summary'!$K$4:$K$999="Yes")*(LEN('KPI Summary'!$M$4:$M$999)=0))
B35: Rows waiting for a check | C35: =COUNTIF('Task Register'!$AG$4:$AG$999,"?*")+COUNTIF('Defect Register'!$Q$4:$Q$999,"?*") | D35: Open questions | E35: =SUMPRODUCT((LEN('Open Questions'!$B$4:$B$999)>0)*(LEN('Open Questions'!$E$4:$E$999)=0))
A37: What moved since the last run: nothing

Sheet Config
A1: KPI Tracker - Configuration
A2: Yellow cells are settings the sheet's formulas read. The run reads them back: dates are kept; a counting rule changed here is reported and asked about, never applied quietly.
B3: PROJECT
B4: Project name | C4: Northwind Demo Release
B5: Client
B6: PMS project ID | C6: 101
B7: PMS KPI page
B8: Issue tracker | C8: Asana
B9: Tracker board | C9: Open
B10: Engagement type | C10: Project
B11: Period type | C11: Delivery cycle
B12: Sources read | C12: Issue tracker, Estimates, Timeline
B13: Deliverables are counted as | C13: Board cards (one card, one deliverable)
B14: Calculated as of | C14: 46283
B15: Prepared by | C15: Project Lead
B17: COUNTING RULES
B18: Velocity unit | C18: Estimated Hours | D18: What Velocity adds up for delivered tasks and additional requests.
B19: Hours counted in Velocity | C19: Dev + QA | D19: Dev + QA adds an item's QA hours once the item is closed.
B20: Count observations as defects? | C20: No | D20: No = only Bug rows count in Defect Rate.
B21: Count improvements as defects? | C21: No
B22: Count pre-existing defects in Defect Rate? | C22: No | D22: Pre-existing = already in the product before this work.
B23: Count post-release defects in Defect Rate? | C23: Yes | D23: Post-release defects always count in Escaped Defect Rate.
B24: A commitment is met on | C24: Delivery | D24: Delivery = the item reached its delivery event by the date. Handover = the build reached the client by it.
B25: CR Rate is measured against | C25: This period | D25: A period made only of additional requests is always measured against the whole project.
B27: KPI TARGETS (source and any local review override are shown beside each target)
B28: KPI | C28: Unit | D28: PMS KPI ID | E28: Type | F28: Target | G28: Formula (PMS definition) | H28: How this sheet counts it | I28: Target comes from
B29: Velocity | C29: Per Config | D29: 9 | E29: Min | F29: 10 | G29: Total work completed in the period (story points / hours). | H29: Hours (or story points) of Task Register rows that are not Excluded and have a Delivered date, plus the period's team-level effort. | I29: bundled fallback, not read from PMS
B30: Task Comprehension | C30: % | D30: 1 | E30: Min | F30: 80 | G30: Understood task count / Total task count | H30: Rows with Understood = Yes ÷ rows with Understood = Yes or No. A row with no answer is left out. | I30: bundled fallback, not read from PMS
B31: Client Expectation | C31: % | D31: 2 | E31: Min | F31: 90 | G31: On-time delivered (client-expected) / Total client-expected tasks | H31: Client-expected rows that met their date ÷ client-expected rows that are due. Pending rows wait. | I31: bundled fallback, not read from PMS
B32: Delivery Commitment | C32: % | D32: 4 | E32: Min | F32: 100 | G32: Delivered on time (committed) / Total team-committed tasks | H32: Rows the team committed to that met the date ÷ committed rows that are due. Uncommitted rows are left out. | I32: bundled fallback, not read from PMS
B33: Defect Rate | C33: % | D33: 5 | E33: Max | F33: 15 | G33: Number of defects found / Total task count | H33: Defect Register rows with Counts in Defect Rate = Yes ÷ delivered Task Register rows. | I33: bundled fallback, not read from PMS
B34: Escaped Defect Rate | C34: % | D34: 8 | E34: Max | F34: 5 | G34: Defects found after release / Total defects (before + after release) | H34: Post-release reports that were not rejected ÷ all reports that were not rejected. Blank until the period is handed over. | I34: bundled fallback, not read from PMS
B35: Defect Rejection Rate | C35: % | D35: 7 | E35: Max | F35: 15 | G35: Rejected defects / Total reported defects | H35: Defect Register rows with Rejected = Yes ÷ all Defect Register rows. | I35: bundled fallback, not read from PMS
B36: Rework Rate | C36: % | D36: 6 | E36: Max | F36: 10 | G36: Tasks reopened / Total tasks completed | H36: Reopening events after the configured close boundary ÷ completed rows assessed for rework. | I36: bundled fallback, not read from PMS
B37: CR Rate | C37: % | D37: 3 | E37: Max | F37: 20 | G37: CR count / Initial task count | H37: Rows with Item Type = CR ÷ rows with Item Type = Task (the whole project's, when the period has none). | I37: bundled fallback, not read from PMS
B39: PROJECT DATES (used when a period or a task has no date of its own)
B40: Client expected date | C40: 46276 | D40: What the client expects: the planned handover, a client deadline, or a date agreed again after the client added work.
B41: Team commitment date | C41: 46276 | D41: What the team agreed to deliver by: the milestone date or a date negotiated later.
B42: Client date check | C42: Delivery | D42: Handover = met when the build reached the client by the date. Delivery = met when the item itself was delivered by it.
B43: Why these dates | C43: Northwind's Q3 feature freeze is 09/11. No new features after it; bug fixes are allowed until 09/25. | D43: Short reason, with where it was agreed.

Sheet Periods
B1: Periods
B2: One row per KPI period. Leave a date empty to use the project date from Config.
A4: # | B4: Period Name (max 25) | C4: Start | D4: End | E4: PMS Description (auto) | F4: Client Expected Date | G4: Commitment Date | H4: Handed Over On | I4: PMS Period ID | J4: Pushed to PMS On | K4: Notes | L4: Original Plan | M4: Team-level Effort (h) | N4: Client Date Check
A5: =IF(B5="","",ROW()-4) | B5: Initial Scope | C5: 46204 | D5: 46246 | E5: 07/01 to 08/12, 7 planned tasks + 2 Additional Requests, handed over 08/12 | H5: 46246 | I5: 501 | K5: The planned work plus the additions approved on 07/31 and 08/10, handed over together. | L5: Build to QA 07/20, handover 07/29 (plan). | M5: 40
A6: =IF(B6="","",ROW()-4) | B6: Additional Requests 1 | C6: 46261 | D6: 46295 | E6: 08/27 to 09/30, 2 Additional Requests | I6: 502 | K6: The two additional requests approved on 08/28. | L6: Handover 09/16 (timeline).
A7: =IF(B7="","",ROW()-4)
A8: =IF(B8="","",ROW()-4)
A9: =IF(B9="","",ROW()-4)
A10: =IF(B10="","",ROW()-4)
A11: =IF(B11="","",ROW()-4)
A12: =IF(B12="","",ROW()-4)
A13: =IF(B13="","",ROW()-4)
A14: =IF(B14="","",ROW()-4)
A15: =IF(B15="","",ROW()-4)
A16: =IF(B16="","",ROW()-4)
A17: =IF(B17="","",ROW()-4)
A18: =IF(B18="","",ROW()-4)
... A46: =IF(B46="","",ROW()-4)

Sheet Task Register
B1: Task Register (15 rows)
B2: Every planned task and additional request, plus excluded cards so nothing looks missing. Yellow = you can change it; grey = worked out by formula; Check says how a row was decided.
A3: # | B3: Period | C3: Ticket | D3: Link | E3: Title | F3: Item Type | G3: Planned (initial scope)? | H3: Est. Hours (counted) | I3: Story Points | J3: Hours Source | K3: Assignee | L3: Created | M3: Delivered | N3: Closed | O3: Status | P3: Understood w/o Client? | Q3: Comprehension Evidence | R3: Comprehension Link | S3: Client-Expected? | T3: Client Expected Date | U3: Met Client Date? | V3: Team Committed? | W3: Commitment Date | X3: Met Commitment? | Y3: Reopened after closing? | Z3: Reopening Events | AA3: Rework Evidence | AB3: Rework Link | AC3: Remarks and sources | AD3: Dev Hours | AE3: QA Hours | AF3: Board Column | AG3: Check (how this row was decided) | AH3: Period handover | AI3: Client date check | AJ3: Row ID | AK3: Delivery evidence missing | AL3: Group estimate only | AM3: Estimate held on group | AN3: Group estimate not yet delivered | AO3: Required estimate missing | AP3: Rework close boundary
A4: =IF(B4="","",ROW()-3) | B4: Initial Scope | C4: NW-101 | D4: Open | E4: NW-101 Booking rules for shared rooms | F4: Task | G4: Yes | H4: =IF(OR(B4="",AND(AD4="",AE4="")),"",N(AD4)+IF(AND(Config!$C$19="Dev + QA",N4<>""),N(AE4),0)) | J4: Project plan: dev 26.5 + QA 8 | K4: Sample Developer | L4: 46192 | M4: 46219 | N4: 46239 | O4: =IF(B4="","",IF(M4<>"","Done","Open")) | P4: No | Q4: went to 'Awaiting Feedback' on 07/08 | R4: Open | S4: Yes | T4: 46276 | U4: =IF(OR(B4="",F4="Excluded",S4<>"Yes",T4="",AND(AK4="Yes",M4="")),"",IF(N(IF(AI4="Delivery",M4,IF(OR(M4="",N(AH4)=0),"",MAX(M4,AH4))))=0,IF(Config!$C$14<=T4,"Pending","No"),IF(IF(AI4="Delivery",M4,IF(OR(M4="",N(AH4)=0),"",MAX(M4,AH4)))<=T4,"Yes","No"))) | V4: Yes | W4: 46276 | X4: =IF(OR(B4="",F4="Excluded",V4<>"Yes",W4="",AND(AK4="Yes",M4="")),"",IF(N(IF(Config!$C$24="Handover",IF(OR(M4="",N(AH4)=0),"",MAX(M4,AH4)),M4))=0,IF(Config!$C$14<=W4,"Pending","No"),IF(IF(Config!$C$24="Handover",IF(OR(M4="",N(AH4)=0),"",MAX(M4,AH4)),M4)<=W4,"Yes","No"))) | Y4: No | Z4: 0 | AA4: Failed QA on 07/22 while still being tested for the first time, so it is not counted as rework (the task was never closed and reopened) | AC4: Plan: Milestone 1. Original plan: 07/29 | AD4: 26.5 | AE4: 8 | AF4: Closed | AG4: understood: went to 'Awaiting Feedback' on 07/08 (not confirmed) | AH4: =IF(B4="","",IFERROR(INDEX(Periods!$H$5:$H$200,MATCH($B4,Periods!$B$5:$B$200,0)),"")) | AI4: =IF(B4="","",IF(COUNTIFS(Periods!$B$5:$B$200,$B4,Periods!$N$5:$N$200,"Handover")>0,"Handover",IF(COUNTIFS(Periods!$B$5:$B$200,$B4,Periods!$N$5:$N$200,"Delivery")>0,"Delivery",Config!$C$42))) | AJ4: 1200000000000001 | AK4: No | AL4: No | AM4: No group | AO4: =IF(OR(B4="",N(M4)=0),"No",IF(Config!$C$18="Story Points",IF(AND(F4<>"Excluded",LEN(I4)=0),"Yes","No"),IF(AND(OR(AND(F4<>"Excluded",AM4="No group"),AL4="Yes"),OR(LEN(AD4)=0,AND(Config!$C$19="Dev + QA",N(N4)>0,LEN(AE4)=0))),"Yes","No"))) | AP4: 46239
A5: =IF(B5="","",ROW()-3) | B5: Initial Scope | C5: NW-102 | D5: Open | E5: NW-102 Conflict warning on double booking | F5: Task | G5: Yes | H5: =IF(OR(B5="",AND(AD5="",AE5="")),"",N(AD5)+IF(AND(Config!$C$19="Dev + QA",N5<>""),N(AE5),0)) | J5: Project plan: dev 21.5 + QA 6 | K5: Sample Developer | L5: 46192 | M5: 46217 | N5: 46239 | O5: =IF(B5="","",IF(M5<>"","Done","Open")) | P5: Yes | S5: Yes | T5: 46276 | U5: =IF(OR(B5="",F5="Excluded",S5<>"Yes",T5="",AND(AK5="Yes",M5="")),"",IF(N(IF(AI5="Delivery",M5,IF(OR(M5="",N(AH5)=0),"",MAX(M5,AH5))))=0,IF(Config!$C$14<=T5,"Pending","No"),IF(IF(AI5="Delivery",M5,IF(OR(M5="",N(AH5)=0),"",MAX(M5,AH5)))<=T5,"Yes","No"))) | V5: Yes | W5: 46276 | X5: =IF(OR(B5="",F5="Excluded",V5<>"Yes",W5="",AND(AK5="Yes",M5="")),"",IF(N(IF(Config!$C$24="Handover",IF(OR(M5="",N(AH5)=0),"",MAX(M5,AH5)),M5))=0,IF(Config!$C$14<=W5,"Pending","No"),IF(IF(Config!$C$24="Handover",IF(OR(M5="",N(AH5)=0),"",MAX(M5,AH5)),M5)<=W5,"Yes","No"))) | Y5: No | Z5: 0 | AC5: Plan: Milestone 1. Original plan: 07/29 | AD5: 21.5 | AE5: 6 | AF5: Closed | AH5: =IF(B5="","",IFERROR(INDEX(Periods!$H$5:$H$200,MATCH($B5,Periods!$B$5:$B$200,0)),"")) | AI5: =IF(B5="","",IF(COUNTIFS(Periods!$B$5:$B$200,$B5,Periods!$N$5:$N$200,"Handover")>0,"Handover",IF(COUNTIFS(Periods!$B$5:$B$200,$B5,Periods!$N$5:$N$200,"Delivery")>0,"Delivery",Config!$C$42))) | AJ5: 1200000000000002 | AK5: No | AL5: No | AM5: No group | AO5: =IF(OR(B5="",N(M5)=0),"No",IF(Config!$C$18="Story Points",IF(AND(F5<>"Excluded",LEN(I5)=0),"Yes","No"),IF(AND(OR(AND(F5<>"Excluded",AM5="No group"),AL5="Yes"),OR(LEN(AD5)=0,AND(Config!$C$19="Dev + QA",N(N5)>0,LEN(AE5)=0))),"Yes","No"))) | AP5: 46239
A6: =IF(B6="","",ROW()-3) | B6: Initial Scope | C6: NW-103 | D6: Open | E6: NW-103 Richer confirmation email template | F6: Task | G6: Yes | H6: =IF(OR(B6="",AND(AD6="",AE6="")),"",N(AD6)+IF(AND(Config!$C$19="Dev + QA",N6<>""),N(AE6),0)) | J6: Project plan: dev 41 + QA 10 | K6: Sample Developer | L6: 46193 | M6: 46223 | N6: 46239 | O6: =IF(B6="","",IF(M6<>"","Done","Open")) | P6: Yes | S6: Yes | T6: 46276 | U6: =IF(OR(B6="",F6="Excluded",S6<>"Yes",T6="",AND(AK6="Yes",M6="")),"",IF(N(IF(AI6="Delivery",M6,IF(OR(M6="",N(AH6)=0),"",MAX(M6,AH6))))=0,IF(Config!$C$14<=T6,"Pending","No"),IF(IF(AI6="Delivery",M6,IF(OR(M6="",N(AH6)=0),"",MAX(M6,AH6)))<=T6,"Yes","No"))) | V6: Yes | W6: 46276 | X6: =IF(OR(B6="",F6="Excluded",V6<>"Yes",W6="",AND(AK6="Yes",M6="")),"",IF(N(IF(Config!$C$24="Handover",IF(OR(M6="",N(AH6)=0),"",MAX(M6,AH6)),M6))=0,IF(Config!$C$14<=W6,"Pending","No"),IF(IF(Config!$C$24="Handover",IF(OR(M6="",N(AH6)=0),"",MAX(M6,AH6)),M6)<=W6,"Yes","No"))) | Y6: No | Z6: 0 | AA6: Failed QA on 07/23 while still being tested for the first time, so it is not counted as rework (the task was never closed and reopened) | AC6: Plan: Milestone 2. Original plan: 07/29 | AD6: 41 | AE6: 10 | AF6: Closed | AH6: =IF(B6="","",IFERROR(INDEX(Periods!$H$5:$H$200,MATCH($B6,Periods!$B$5:$B$200,0)),"")) | AI6: =IF(B6="","",IF(COUNTIFS(Periods!$B$5:$B$200,$B6,Periods!$N$5:$N$200,"Handover")>0,"Handover",IF(COUNTIFS(Periods!$B$5:$B$200,$B6,Periods!$N$5:$N$200,"Delivery")>0,"Delivery",Config!$C$42))) | AJ6: 1200000000000003 | AK6: No | AL6: No | AM6: No group | AO6: =IF(OR(B6="",N(M6)=0),"No",IF(Config!$C$18="Story Points",IF(AND(F6<>"Excluded",LEN(I6)=0),"Yes","No"),IF(AND(OR(AND(F6<>"Excluded",AM6="No group"),AL6="Yes"),OR(LEN(AD6)=0,AND(Config!$C$19="Dev + QA",N(N6)>0,LEN(AE6)=0))),"Yes","No"))) | AP6: 46239
A7: =IF(B7="","",ROW()-3) | B7: Initial Scope | C7: NW-104 | D7: Open | E7: NW-104 Remember the last used filter | F7: Task | G7: Yes | H7: =IF(OR(B7="",AND(AD7="",AE7="")),"",N(AD7)+IF(AND(Config!$C$19="Dev + QA",N7<>""),N(AE7),0)) | J7: Project plan: dev 3.5 + QA 2 | K7: Sample Developer | L7: 46193 | M7: 46216 | N7: 46245 | O7: =IF(B7="","",IF(M7<>"","Done","Open")) | P7: Yes | S7: Yes | T7: 46276 | U7: =IF(OR(B7="",F7="Excluded",S7<>"Yes",T7="",AND(AK7="Yes",M7="")),"",IF(N(IF(AI7="Delivery",M7,IF(OR(M7="",N(AH7)=0),"",MAX(M7,AH7))))=0,IF(Config!$C$14<=T7,"Pending","No"),IF(IF(AI7="Delivery",M7,IF(OR(M7="",N(AH7)=0),"",MAX(M7,AH7)))<=T7,"Yes","No"))) | V7: Yes | W7: 46276 | X7: =IF(OR(B7="",F7="Excluded",V7<>"Yes",W7="",AND(AK7="Yes",M7="")),"",IF(N(IF(Config!$C$24="Handover",IF(OR(M7="",N(AH7)=0),"",MAX(M7,AH7)),M7))=0,IF(Config!$C$14<=W7,"Pending","No"),IF(IF(Config!$C$24="Handover",IF(OR(M7="",N(AH7)=0),"",MAX(M7,AH7)),M7)<=W7,"Yes","No"))) | Y7: Yes | Z7: 1 | AA7: Closed on 08/04 and reopened on 08/07 | AB7: Open | AC7: Plan: Milestone 1. Original plan: 07/29 | AD7: 3.5 | AE7: 2 | AF7: Closed | AH7: =IF(B7="","",IFERROR(INDEX(Periods!$H$5:$H$200,MATCH($B7,Periods!$B$5:$B$200,0)),"")) | AI7: =IF(B7="","",IF(COUNTIFS(Periods!$B$5:$B$200,$B7,Periods!$N$5:$N$200,"Handover")>0,"Handover",IF(COUNTIFS(Periods!$B$5:$B$200,$B7,Periods!$N$5:$N$200,"Delivery")>0,"Delivery",Config!$C$42))) | AJ7: 1200000000000004 | AK7: No | AL7: No | AM7: No group | AO7: =IF(OR(B7="",N(M7)=0),"No",IF(Config!$C$18="Story Points",IF(AND(F7<>"Excluded",LEN(I7)=0),"Yes","No"),IF(AND(OR(AND(F7<>"Excluded",AM7="No group"),AL7="Yes"),OR(LEN(AD7)=0,AND(Config!$C$19="Dev + QA",N(N7)>0,LEN(AE7)=0))),"Yes","No"))) | AP7: 46245
A8: =IF(B8="","",ROW()-3) | B8: Initial Scope | C8: NW-105 | D8: Open | E8: NW-105 Export bookings to CSV | F8: Task | G8: Yes | H8: =IF(OR(B8="",AND(AD8="",AE8="")),"",N(AD8)+IF(AND(Config!$C$19="Dev + QA",N8<>""),N(AE8),0)) | J8: Project plan: dev 10 + QA 2 | K8: Sample Developer | L8: 46194 | M8: 46220 | N8: 46239 | O8: =IF(B8="","",IF(M8<>"","Done","Open")) | P8: Yes | S8: Yes | T8: 46276 | U8: =IF(OR(B8="",F8="Excluded",S8<>"Yes",T8="",AND(AK8="Yes",M8="")),"",IF(N(IF(AI8="Delivery",M8,IF(OR(M8="",N(AH8)=0),"",MAX(M8,AH8))))=0,IF(Config!$C$14<=T8,"Pending","No"),IF(IF(AI8="Delivery",M8,IF(OR(M8="",N(AH8)=0),"",MAX(M8,AH8)))<=T8,"Yes","No"))) | V8: Yes | W8: 46276 | X8: =IF(OR(B8="",F8="Excluded",V8<>"Yes",W8="",AND(AK8="Yes",M8="")),"",IF(N(IF(Config!$C$24="Handover",IF(OR(M8="",N(AH8)=0),"",MAX(M8,AH8)),M8))=0,IF(Config!$C$14<=W8,"Pending","No"),IF(IF(Config!$C$24="Handover",IF(OR(M8="",N(AH8)=0),"",MAX(M8,AH8)),M8)<=W8,"Yes","No"))) | Y8: No | Z8: 0 | AC8: Plan: Milestone 1. Original plan: 07/29 | AD8: 10 | AE8: 2 | AF8: Closed | AG8: understood: waited in 'Awaiting Feedback' on 07/10, but for environment, not for the requirement (not confirmed) | AH8: =IF(B8="","",IFERROR(INDEX(Periods!$H$5:$H$200,MATCH($B8,Periods!$B$5:$B$200,0)),"")) | AI8: =IF(B8="","",IF(COUNTIFS(Periods!$B$5:$B$200,$B8,Periods!$N$5:$N$200,"Handover")>0,"Handover",IF(COUNTIFS(Periods!$B$5:$B$200,$B8,Periods!$N$5:$N$200,"Delivery")>0,"Delivery",Config!$C$42))) | AJ8: 1200000000000005 | AK8: No | AL8: No | AM8: No group | AO8: =IF(OR(B8="",N(M8)=0),"No",IF(Config!$C$18="Story Points",IF(AND(F8<>"Excluded",LEN(I8)=0),"Yes","No"),IF(AND(OR(AND(F8<>"Excluded",AM8="No group"),AL8="Yes"),OR(LEN(AD8)=0,AND(Config!$C$19="Dev + QA",N(N8)>0,LEN(AE8)=0))),"Yes","No"))) | AP8: 46239
A9: =IF(B9="","",ROW()-3) | B9: Initial Scope | C9: NW-106 | D9: Open | E9: NW-106 Tablet check-in screen | F9: Task | G9: Yes | H9: =IF(OR(B9="",AND(AD9="",AE9="")),"",N(AD9)+IF(AND(Config!$C$19="Dev + QA",N9<>""),N(AE9),0)) | J9: Project plan: dev 33.5 + QA 6 | K9: Sample Developer | L9: 46195 | M9: 46231 | O9: =IF(B9="","",IF(M9<>"","Done","Open")) | P9: Yes | S9: Yes | T9: 46276 | U9: =IF(OR(B9="",F9="Excluded",S9<>"Yes",T9="",AND(AK9="Yes",M9="")),"",IF(N(IF(AI9="Delivery",M9,IF(OR(M9="",N(AH9)=0),"",MAX(M9,AH9))))=0,IF(Config!$C$14<=T9,"Pending","No"),IF(IF(AI9="Delivery",M9,IF(OR(M9="",N(AH9)=0),"",MAX(M9,AH9)))<=T9,"Yes","No"))) | V9: Yes | W9: 46276 | X9: =IF(OR(B9="",F9="Excluded",V9<>"Yes",W9="",AND(AK9="Yes",M9="")),"",IF(N(IF(Config!$C$24="Handover",IF(OR(M9="",N(AH9)=0),"",MAX(M9,AH9)),M9))=0,IF(Config!$C$14<=W9,"Pending","No"),IF(IF(Config!$C$24="Handover",IF(OR(M9="",N(AH9)=0),"",MAX(M9,AH9)),M9)<=W9,"Yes","No"))) | AC9: Plan: Milestone 2. Original plan: 07/29 | AD9: 33.5 | AE9: 6 | AF9: Ready for QA | AH9: =IF(B9="","",IFERROR(INDEX(Periods!$H$5:$H$200,MATCH($B9,Periods!$B$5:$B$200,0)),"")) | AI9: =IF(B9="","",IF(COUNTIFS(Periods!$B$5:$B$200,$B9,Periods!$N$5:$N$200,"Handover")>0,"Handover",IF(COUNTIFS(Periods!$B$5:$B$200,$B9,Periods!$N$5:$N$200,"Delivery")>0,"Delivery",Config!$C$42))) | AJ9: 1200000000000006 | AK9: No | AL9: No | AM9: No group | AO9: =IF(OR(B9="",N(M9)=0),"No",IF(Config!$C$18="Story Points",IF(AND(F9<>"Excluded",LEN(I9)=0),"Yes","No"),IF(AND(OR(AND(F9<>"Excluded",AM9="No group"),AL9="Yes"),OR(LEN(AD9)=0,AND(Config!$C$19="Dev + QA",N(N9)>0,LEN(AE9)=0))),"Yes","No")))
A10: =IF(B10="","",ROW()-3) | B10: Initial Scope | C10: NW-140 | D10: Open | E10: [CR] NW-140 Single sign-on fix | F10: CR | G10: No | H10: =IF(OR(B10="",AND(AD10="",AE10="")),"",N(AD10)+IF(AND(Config!$C$19="Dev + QA",N10<>""),N(AE10),0)) | J10: Estimates sheet: dev 10 + QA 4 | K10: Sample Developer | L10: 46233 | M10: 46240 | N10: 46245 | O10: =IF(B10="","",IF(M10<>"","Done","Open")) | P10: Yes | S10: Yes | T10: 46276 | U10: =IF(OR(B10="",F10="Excluded",S10<>"Yes",T10="",AND(AK10="Yes",M10="")),"",IF(N(IF(AI10="Delivery",M10,IF(OR(M10="",N(AH10)=0),"",MAX(M10,AH10))))=0,IF(Config!$C$14<=T10,"Pending","No"),IF(IF(AI10="Delivery",M10,IF(OR(M10="",N(AH10)=0),"",MAX(M10,AH10)))<=T10,"Yes","No"))) | V10: Yes | W10: 46276 | X10: =IF(OR(B10="",F10="Excluded",V10<>"Yes",W10="",AND(AK10="Yes",M10="")),"",IF(N(IF(Config!$C$24="Handover",IF(OR(M10="",N(AH10)=0),"",MAX(M10,AH10)),M10))=0,IF(Config!$C$14<=W10,"Pending","No"),IF(IF(Config!$C$24="Handover",IF(OR(M10="",N(AH10)=0),"",MAX(M10,AH10)),M10)<=W10,"Yes","No"))) | Y10: No | Z10: 0 | AC10: Approved 07/31. Original plan: 07/29 | AD10: 10 | AE10: 4 | AF10: Closed | AH10: =IF(B10="","",IFERROR(INDEX(Periods!$H$5:$H$200,MATCH($B10,Periods!$B$5:$B$200,0)),"")) | AI10: =IF(B10="","",IF(COUNTIFS(Periods!$B$5:$B$200,$B10,Periods!$N$5:$N$200,"Handover")>0,"Handover",IF(COUNTIFS(Periods!$B$5:$B$200,$B10,Periods!$N$5:$N$200,"Delivery")>0,"Delivery",Config!$C$42))) | AJ10: 1200000000000007 | AK10: No | AL10: No | AM10: No group | AO10: =IF(OR(B10="",N(M10)=0),"No",IF(Config!$C$18="Story Points",IF(AND(F10<>"Excluded",LEN(I10)=0),"Yes","No"),IF(AND(OR(AND(F10<>"Excluded",AM10="No group"),AL10="Yes"),OR(LEN(AD10)=0,AND(Config!$C$19="Dev + QA",N(N10)>0,LEN(AE10)=0))),"Yes","No"))) | AP10: 46245
A11: =IF(B11="","",ROW()-3) | B11: Initial Scope | C11: NW-141 | D11: Open | E11: NW-141 Extra fields on the room profile | F11: CR | G11: No | H11: =IF(OR(B11="",AND(AD11="",AE11="")),"",N(AD11)+IF(AND(Config!$C$19="Dev + QA",N11<>""),N(AE11),0)) | J11: Estimates sheet: dev 14 + QA 4 | K11: Sample Developer | L11: 46244 | M11: 46245 | N11: 46246 | O11: =IF(B11="","",IF(M11<>"","Done","Open")) | P11: Yes | S11: Yes | T11: 46276 | U11: =IF(OR(B11="",F11="Excluded",S11<>"Yes",T11="",AND(AK11="Yes",M11="")),"",IF(N(IF(AI11="Delivery",M11,IF(OR(M11="",N(AH11)=0),"",MAX(M11,AH11))))=0,IF(Config!$C$14<=T11,"Pending","No"),IF(IF(AI11="Delivery",M11,IF(OR(M11="",N(AH11)=0),"",MAX(M11,AH11)))<=T11,"Yes","No"))) | V11: Yes | W11: 46276 | X11: =IF(OR(B11="",F11="Excluded",V11<>"Yes",W11="",AND(AK11="Yes",M11="")),"",IF(N(IF(Config!$C$24="Handover",IF(OR(M11="",N(AH11)=0),"",MAX(M11,AH11)),M11))=0,IF(Config!$C$14<=W11,"Pending","No"),IF(IF(Config!$C$24="Handover",IF(OR(M11="",N(AH11)=0),"",MAX(M11,AH11)),M11)<=W11,"Yes","No"))) | Y11: No | Z11: 0 | AC11: Approved 08/10. Original plan: 07/29 | AD11: 14 | AE11: 4 | AF11: Closed | AH11: =IF(B11="","",IFERROR(INDEX(Periods!$H$5:$H$200,MATCH($B11,Periods!$B$5:$B$200,0)),"")) | AI11: =IF(B11="","",IF(COUNTIFS(Periods!$B$5:$B$200,$B11,Periods!$N$5:$N$200,"Handover")>0,"Handover",IF(COUNTIFS(Periods!$B$5:$B$200,$B11,Periods!$N$5:$N$200,"Delivery")>0,"Delivery",Config!$C$42))) | AJ11: 1200000000000008 | AK11: No | AL11: No | AM11: No group | AO11: =IF(OR(B11="",N(M11)=0),"No",IF(Config!$C$18="Story Points",IF(AND(F11<>"Excluded",LEN(I11)=0),"Yes","No"),IF(AND(OR(AND(F11<>"Excluded",AM11="No group"),AL11="Yes"),OR(LEN(AD11)=0,AND(Config!$C$19="Dev + QA",N(N11)>0,LEN(AE11)=0))),"Yes","No"))) | AP11: 46246
A12: =IF(B12="","",ROW()-3) | B12: Additional Requests 1 | C12: NW-160 | D12: Open | E12: NW-160 Calendar sync for cancelled bookings | F12: CR | G12: No | H12: =IF(OR(B12="",AND(AD12="",AE12="")),"",N(AD12)+IF(AND(Config!$C$19="Dev + QA",N12<>""),N(AE12),0)) | J12: Estimates sheet: dev 32 + QA 8 | K12: Sample Developer | L12: 46262 | M12: 46275 | O12: =IF(B12="","",IF(M12<>"","Done","Open")) | P12: Yes | S12: Yes | T12: 46276 | U12: =IF(OR(B12="",F12="Excluded",S12<>"Yes",T12="",AND(AK12="Yes",M12="")),"",IF(N(IF(AI12="Delivery",M12,IF(OR(M12="",N(AH12)=0),"",MAX(M12,AH12))))=0,IF(Config!$C$14<=T12,"Pending","No"),IF(IF(AI12="Delivery",M12,IF(OR(M12="",N(AH12)=0),"",MAX(M12,AH12)))<=T12,"Yes","No"))) | V12: Yes | W12: 46276 | X12: =IF(OR(B12="",F12="Excluded",V12<>"Yes",W12="",AND(AK12="Yes",M12="")),"",IF(N(IF(Config!$C$24="Handover",IF(OR(M12="",N(AH12)=0),"",MAX(M12,AH12)),M12))=0,IF(Config!$C$14<=W12,"Pending","No"),IF(IF(Config!$C$24="Handover",IF(OR(M12="",N(AH12)=0),"",MAX(M12,AH12)),M12)<=W12,"Yes","No"))) | AC12: Approved 08/28. Original plan: 09/16 | AD12: 32 | AE12: 8 | AF12: Ready for QA | AH12: =IF(B12="","",IFERROR(INDEX(Periods!$H$5:$H$200,MATCH($B12,Periods!$B$5:$B$200,0)),"")) | AI12: =IF(B12="","",IF(COUNTIFS(Periods!$B$5:$B$200,$B12,Periods!$N$5:$N$200,"Handover")>0,"Handover",IF(COUNTIFS(Periods!$B$5:$B$200,$B12,Periods!$N$5:$N$200,"Delivery")>0,"Delivery",Config!$C$42))) | AJ12: 1200000000000009 | AK12: No | AL12: No | AM12: No group | AO12: =IF(OR(B12="",N(M12)=0),"No",IF(Config!$C$18="Story Points",IF(AND(F12<>"Excluded",LEN(I12)=0),"Yes","No"),IF(AND(OR(AND(F12<>"Excluded",AM12="No group"),AL12="Yes"),OR(LEN(AD12)=0,AND(Config!$C$19="Dev + QA",N(N12)>0,LEN(AE12)=0))),"Yes","No")))
A13: =IF(B13="","",ROW()-3) | B13: Additional Requests 1 | C13: NW-161 | D13: Open | E13: [CRs] NW-161 Reminder emails before a booking | F13: CR | G13: No | H13: =IF(OR(B13="",AND(AD13="",AE13="")),"",N(AD13)+IF(AND(Config!$C$19="Dev + QA",N13<>""),N(AE13),0)) | J13: Estimates sheet: dev 24 + QA 6 | K13: Sample Developer | L13: 46262 | M13: 46273 | N13: 46280 | O13: =IF(B13="","",IF(M13<>"","Done","Open")) | P13: Yes | S13: Yes | T13: 46276 | U13: =IF(OR(B13="",F13="Excluded",S13<>"Yes",T13="",AND(AK13="Yes",M13="")),"",IF(N(IF(AI13="Delivery",M13,IF(OR(M13="",N(AH13)=0),"",MAX(M13,AH13))))=0,IF(Config!$C$14<=T13,"Pending","No"),IF(IF(AI13="Delivery",M13,IF(OR(M13="",N(AH13)=0),"",MAX(M13,AH13)))<=T13,"Yes","No"))) | V13: Yes | W13: 46276 | X13: =IF(OR(B13="",F13="Excluded",V13<>"Yes",W13="",AND(AK13="Yes",M13="")),"",IF(N(IF(Config!$C$24="Handover",IF(OR(M13="",N(AH13)=0),"",MAX(M13,AH13)),M13))=0,IF(Config!$C$14<=W13,"Pending","No"),IF(IF(Config!$C$24="Handover",IF(OR(M13="",N(AH13)=0),"",MAX(M13,AH13)),M13)<=W13,"Yes","No"))) | Y13: No | Z13: 0 | AC13: Approved 08/28. Original plan: 09/16 | AD13: 24 | AE13: 6 | AF13: Closed | AH13: =IF(B13="","",IFERROR(INDEX(Periods!$H$5:$H$200,MATCH($B13,Periods!$B$5:$B$200,0)),"")) | AI13: =IF(B13="","",IF(COUNTIFS(Periods!$B$5:$B$200,$B13,Periods!$N$5:$N$200,"Handover")>0,"Handover",IF(COUNTIFS(Periods!$B$5:$B$200,$B13,Periods!$N$5:$N$200,"Delivery")>0,"Delivery",Config!$C$42))) | AJ13: 1200000000000010 | AK13: No | AL13: No | AM13: No group | AO13: =IF(OR(B13="",N(M13)=0),"No",IF(Config!$C$18="Story Points",IF(AND(F13<>"Excluded",LEN(I13)=0),"Yes","No"),IF(AND(OR(AND(F13<>"Excluded",AM13="No group"),AL13="Yes"),OR(LEN(AD13)=0,AND(Config!$C$19="Dev + QA",N(N13)>0,LEN(AE13)=0))),"Yes","No"))) | AP13: 46280
A14: =IF(B14="","",ROW()-3) | B14: Initial Scope | C14: NW-150 | D14: Open | E14: NW-150 Tidy up tablet log noise | F14: Scope | G14: No | H14: =IF(OR(B14="",AND(AD14="",AE14="")),"",N(AD14)+IF(AND(Config!$C$19="Dev + QA",N14<>""),N(AE14),0)) | K14: Sample Developer | L14: 46237 | M14: 46239 | N14: 46240 | O14: =IF(B14="","",IF(M14<>"","Done","Open")) | P14: Yes | S14: Yes | T14: 46276 | U14: =IF(OR(B14="",F14="Excluded",S14<>"Yes",T14="",AND(AK14="Yes",M14="")),"",IF(N(IF(AI14="Delivery",M14,IF(OR(M14="",N(AH14)=0),"",MAX(M14,AH14))))=0,IF(Config!$C$14<=T14,"Pending","No"),IF(IF(AI14="Delivery",M14,IF(OR(M14="",N(AH14)=0),"",MAX(M14,AH14)))<=T14,"Yes","No"))) | V14: Yes | W14: 46276 | X14: =IF(OR(B14="",F14="Excluded",V14<>"Yes",W14="",AND(AK14="Yes",M14="")),"",IF(N(IF(Config!$C$24="Handover",IF(OR(M14="",N(AH14)=0),"",MAX(M14,AH14)),M14))=0,IF(Config!$C$14<=W14,"Pending","No"),IF(IF(Config!$C$24="Handover",IF(OR(M14="",N(AH14)=0),"",MAX(M14,AH14)),M14)<=W14,"Yes","No"))) | Y14: No | Z14: 0 | AC14: Original plan: 07/29 | AF14: Closed | AG14: type: on the board but in neither the plan nor the approved additions (not confirmed) | AH14: =IF(B14="","",IFERROR(INDEX(Periods!$H$5:$H$200,MATCH($B14,Periods!$B$5:$B$200,0)),"")) | AI14: =IF(B14="","",IF(COUNTIFS(Periods!$B$5:$B$200,$B14,Periods!$N$5:$N$200,"Handover")>0,"Handover",IF(COUNTIFS(Periods!$B$5:$B$200,$B14,Periods!$N$5:$N$200,"Delivery")>0,"Delivery",Config!$C$42))) | AJ14: 1200000000000011 | AK14: No | AL14: No | AM14: No group | AO14: =IF(OR(B14="",N(M14)=0),"No",IF(Config!$C$18="Story Points",IF(AND(F14<>"Excluded",LEN(I14)=0),"Yes","No"),IF(AND(OR(AND(F14<>"Excluded",AM14="No group"),AL14="Yes"),OR(LEN(AD14)=0,AND(Config!$C$19="Dev + QA",N(N14)>0,LEN(AE14)=0))),"Yes","No"))) | AP14: 46240
A15: =IF(B15="","",ROW()-3) | B15: Initial Scope | D15: Open | E15: [QA] Checklist for release 4.2 | F15: Excluded | H15: =IF(OR(B15="",AND(AD15="",AE15="")),"",N(AD15)+IF(AND(Config!$C$19="Dev + QA",N15<>""),N(AE15),0)) | K15: Sample Developer | L15: 46204 | N15: 46204 | O15: =IF(B15="","",IF(M15<>"","Done","Open")) | U15: =IF(OR(B15="",F15="Excluded",S15<>"Yes",T15="",AND(AK15="Yes",M15="")),"",IF(N(IF(AI15="Delivery",M15,IF(OR(M15="",N(AH15)=0),"",MAX(M15,AH15))))=0,IF(Config!$C$14<=T15,"Pending","No"),IF(IF(AI15="Delivery",M15,IF(OR(M15="",N(AH15)=0),"",MAX(M15,AH15)))<=T15,"Yes","No"))) | X15: =IF(OR(B15="",F15="Excluded",V15<>"Yes",W15="",AND(AK15="Yes",M15="")),"",IF(N(IF(Config!$C$24="Handover",IF(OR(M15="",N(AH15)=0),"",MAX(M15,AH15)),M15))=0,IF(Config!$C$14<=W15,"Pending","No"),IF(IF(Config!$C$24="Handover",IF(OR(M15="",N(AH15)=0),"",MAX(M15,AH15)),M15)<=W15,"Yes","No"))) | AC15: Title matches the exclude pattern ^\[QA\] | AF15: Closed | AH15: =IF(B15="","",IFERROR(INDEX(Periods!$H$5:$H$200,MATCH($B15,Periods!$B$5:$B$200,0)),"")) | AI15: =IF(B15="","",IF(COUNTIFS(Periods!$B$5:$B$200,$B15,Periods!$N$5:$N$200,"Handover")>0,"Handover",IF(COUNTIFS(Periods!$B$5:$B$200,$B15,Periods!$N$5:$N$200,"Delivery")>0,"Delivery",Config!$C$42))) | AJ15: 1200000000000012 | AK15: No | AL15: No | AM15: No group | AO15: =IF(OR(B15="",N(M15)=0),"No",IF(Config!$C$18="Story Points",IF(AND(F15<>"Excluded",LEN(I15)=0),"Yes","No"),IF(AND(OR(AND(F15<>"Excluded",AM15="No group"),AL15="Yes"),OR(LEN(AD15)=0,AND(Config!$C$19="Dev + QA",N(N15)>0,LEN(AE15)=0))),"Yes","No"))) | AP15: 46204
A16: =IF(B16="","",ROW()-3) | B16: Initial Scope | D16: Open | E16: Milestone 1 | F16: Excluded | H16: =IF(OR(B16="",AND(AD16="",AE16="")),"",N(AD16)+IF(AND(Config!$C$19="Dev + QA",N16<>""),N(AE16),0)) | K16: Sample Developer | L16: 46191 | N16: 46191 | O16: =IF(B16="","",IF(M16<>"","Done","Open")) | U16: =IF(OR(B16="",F16="Excluded",S16<>"Yes",T16="",AND(AK16="Yes",M16="")),"",IF(N(IF(AI16="Delivery",M16,IF(OR(M16="",N(AH16)=0),"",MAX(M16,AH16))))=0,IF(Config!$C$14<=T16,"Pending","No"),IF(IF(AI16="Delivery",M16,IF(OR(M16="",N(AH16)=0),"",MAX(M16,AH16)))<=T16,"Yes","No"))) | X16: =IF(OR(B16="",F16="Excluded",V16<>"Yes",W16="",AND(AK16="Yes",M16="")),"",IF(N(IF(Config!$C$24="Handover",IF(OR(M16="",N(AH16)=0),"",MAX(M16,AH16)),M16))=0,IF(Config!$C$14<=W16,"Pending","No"),IF(IF(Config!$C$24="Handover",IF(OR(M16="",N(AH16)=0),"",MAX(M16,AH16)),M16)<=W16,"Yes","No"))) | AC16: An Asana milestone marker, not a deliverable | AF16: Closed | AH16: =IF(B16="","",IFERROR(INDEX(Periods!$H$5:$H$200,MATCH($B16,Periods!$B$5:$B$200,0)),"")) | AI16: =IF(B16="","",IF(COUNTIFS(Periods!$B$5:$B$200,$B16,Periods!$N$5:$N$200,"Handover")>0,"Handover",IF(COUNTIFS(Periods!$B$5:$B$200,$B16,Periods!$N$5:$N$200,"Delivery")>0,"Delivery",Config!$C$42))) | AJ16: 1200000000000013 | AK16: No | AL16: No | AM16: No group | AO16: =IF(OR(B16="",N(M16)=0),"No",IF(Config!$C$18="Story Points",IF(AND(F16<>"Excluded",LEN(I16)=0),"Yes","No"),IF(AND(OR(AND(F16<>"Excluded",AM16="No group"),AL16="Yes"),OR(LEN(AD16)=0,AND(Config!$C$19="Dev + QA",N(N16)>0,LEN(AE16)=0))),"Yes","No"))) | AP16: 46191
A17: =IF(B17="","",ROW()-3) | B17: Initial Scope | D17: Open | E17: Regression Testing round 2 | F17: Excluded | H17: =IF(OR(B17="",AND(AD17="",AE17="")),"",N(AD17)+IF(AND(Config!$C$19="Dev + QA",N17<>""),N(AE17),0)) | K17: Sample Developer | L17: 46240 | N17: 46240 | O17: =IF(B17="","",IF(M17<>"","Done","Open")) | U17: =IF(OR(B17="",F17="Excluded",S17<>"Yes",T17="",AND(AK17="Yes",M17="")),"",IF(N(IF(AI17="Delivery",M17,IF(OR(M17="",N(AH17)=0),"",MAX(M17,AH17))))=0,IF(Config!$C$14<=T17,"Pending","No"),IF(IF(AI17="Delivery",M17,IF(OR(M17="",N(AH17)=0),"",MAX(M17,AH17)))<=T17,"Yes","No"))) | X17: =IF(OR(B17="",F17="Excluded",V17<>"Yes",W17="",AND(AK17="Yes",M17="")),"",IF(N(IF(Config!$C$24="Handover",IF(OR(M17="",N(AH17)=0),"",MAX(M17,AH17)),M17))=0,IF(Config!$C$14<=W17,"Pending","No"),IF(IF(Config!$C$24="Handover",IF(OR(M17="",N(AH17)=0),"",MAX(M17,AH17)),M17)<=W17,"Yes","No"))) | AC17: Title matches the exclude pattern ^Regression Testing | AF17: Closed | AH17: =IF(B17="","",IFERROR(INDEX(Periods!$H$5:$H$200,MATCH($B17,Periods!$B$5:$B$200,0)),"")) | AI17: =IF(B17="","",IF(COUNTIFS(Periods!$B$5:$B$200,$B17,Periods!$N$5:$N$200,"Handover")>0,"Handover",IF(COUNTIFS(Periods!$B$5:$B$200,$B17,Periods!$N$5:$N$200,"Delivery")>0,"Delivery",Config!$C$42))) | AJ17: 1200000000000014 | AK17: No | AL17: No | AM17: No group | AO17: =IF(OR(B17="",N(M17)=0),"No",IF(Config!$C$18="Story Points",IF(AND(F17<>"Excluded",LEN(I17)=0),"Yes","No"),IF(AND(OR(AND(F17<>"Excluded",AM17="No group"),AL17="Yes"),OR(LEN(AD17)=0,AND(Config!$C$19="Dev + QA",N(N17)>0,LEN(AE17)=0))),"Yes","No"))) | AP17: 46240
A18: =IF(B18="","",ROW()-3) | B18: Initial Scope | C18: Plan item | E18: Delivery documentation | F18: Task | G18: Yes | H18: =IF(OR(B18="",AND(AD18="",AE18="")),"",N(AD18)+IF(AND(Config!$C$19="Dev + QA",N18<>""),N(AE18),0)) | J18: Project plan | O18: =IF(B18="","",IF(M18<>"","Done","Open")) | S18: Yes | T18: 46276 | U18: =IF(OR(B18="",F18="Excluded",S18<>"Yes",T18="",AND(AK18="Yes",M18="")),"",IF(N(IF(AI18="Delivery",M18,IF(OR(M18="",N(AH18)=0),"",MAX(M18,AH18))))=0,IF(Config!$C$14<=T18,"Pending","No"),IF(IF(AI18="Delivery",M18,IF(OR(M18="",N(AH18)=0),"",MAX(M18,AH18)))<=T18,"Yes","No"))) | V18: Yes | W18: 46276 | X18: =IF(OR(B18="",F18="Excluded",V18<>"Yes",W18="",AND(AK18="Yes",M18="")),"",IF(N(IF(Config!$C$24="Handover",IF(OR(M18="",N(AH18)=0),"",MAX(M18,AH18)),M18))=0,IF(Config!$C$14<=W18,"Pending","No"),IF(IF(Config!$C$24="Handover",IF(OR(M18="",N(AH18)=0),"",MAX(M18,AH18)),M18)<=W18,"Yes","No"))) | AC18: In the plan with no card of its own on the board | AD18: 6 | AE18: 0 | AF18: Not on the board | AG18: no card on the board; delivery date not known | AH18: =IF(B18="","",IFERROR(INDEX(Periods!$H$5:$H$200,MATCH($B18,Periods!$B$5:$B$200,0)),"")) | AI18: =IF(B18="","",IF(COUNTIFS(Periods!$B$5:$B$200,$B18,Periods!$N$5:$N$200,"Handover")>0,"Handover",IF(COUNTIFS(Periods!$B$5:$B$200,$B18,Periods!$N$5:$N$200,"Delivery")>0,"Delivery",Config!$C$42))) | AJ18: plan:deliverydocumentation | AK18: Yes | AL18: No | AM18: No group | AO18: =IF(OR(B18="",N(M18)=0),"No",IF(Config!$C$18="Story Points",IF(AND(F18<>"Excluded",LEN(I18)=0),"Yes","No"),IF(AND(OR(AND(F18<>"Excluded",AM18="No group"),AL18="Yes"),OR(LEN(AD18)=0,AND(Config!$C$19="Dev + QA",N(N18)>0,LEN(AE18)=0))),"Yes","No")))
A19: =IF(B19="","",ROW()-3) | H19: =IF(OR(B19="",AND(AD19="",AE19="")),"",N(AD19)+IF(AND(Config!$C$19="Dev + QA",N19<>""),N(AE19),0)) | O19: =IF(B19="","",IF(M19<>"","Done","Open")) | U19: =IF(OR(B19="",F19="Excluded",S19<>"Yes",T19="",AND(AK19="Yes",M19="")),"",IF(N(IF(AI19="Delivery",M19,IF(OR(M19="",N(AH19)=0),"",MAX(M19,AH19))))=0,IF(Config!$C$14<=T19,"Pending","No"),IF(IF(AI19="Delivery",M19,IF(OR(M19="",N(AH19)=0),"",MAX(M19,AH19)))<=T19,"Yes","No"))) | X19: =IF(OR(B19="",F19="Excluded",V19<>"Yes",W19="",AND(AK19="Yes",M19="")),"",IF(N(IF(Config!$C$24="Handover",IF(OR(M19="",N(AH19)=0),"",MAX(M19,AH19)),M19))=0,IF(Config!$C$14<=W19,"Pending","No"),IF(IF(Config!$C$24="Handover",IF(OR(M19="",N(AH19)=0),"",MAX(M19,AH19)),M19)<=W19,"Yes","No"))) | AH19: =IF(B19="","",IFERROR(INDEX(Periods!$H$5:$H$200,MATCH($B19,Periods!$B$5:$B$200,0)),"")) | AI19: =IF(B19="","",IF(COUNTIFS(Periods!$B$5:$B$200,$B19,Periods!$N$5:$N$200,"Handover")>0,"Handover",IF(COUNTIFS(Periods!$B$5:$B$200,$B19,Periods!$N$5:$N$200,"Delivery")>0,"Delivery",Config!$C$42))) | AO19: =IF(OR(B19="",N(M19)=0),"No",IF(Config!$C$18="Story Points",IF(AND(F19<>"Excluded",LEN(I19)=0),"Yes","No"),IF(AND(OR(AND(F19<>"Excluded",AM19="No group"),AL19="Yes"),OR(LEN(AD19)=0,AND(Config!$C$19="Dev + QA",N(N19)>0,LEN(AE19)=0))),"Yes","No")))
A20: =IF(B20="","",ROW()-3) | H20: =IF(OR(B20="",AND(AD20="",AE20="")),"",N(AD20)+IF(AND(Config!$C$19="Dev + QA",N20<>""),N(AE20),0)) | O20: =IF(B20="","",IF(M20<>"","Done","Open")) | U20: =IF(OR(B20="",F20="Excluded",S20<>"Yes",T20="",AND(AK20="Yes",M20="")),"",IF(N(IF(AI20="Delivery",M20,IF(OR(M20="",N(AH20)=0),"",MAX(M20,AH20))))=0,IF(Config!$C$14<=T20,"Pending","No"),IF(IF(AI20="Delivery",M20,IF(OR(M20="",N(AH20)=0),"",MAX(M20,AH20)))<=T20,"Yes","No"))) | X20: =IF(OR(B20="",F20="Excluded",V20<>"Yes",W20="",AND(AK20="Yes",M20="")),"",IF(N(IF(Config!$C$24="Handover",IF(OR(M20="",N(AH20)=0),"",MAX(M20,AH20)),M20))=0,IF(Config!$C$14<=W20,"Pending","No"),IF(IF(Config!$C$24="Handover",IF(OR(M20="",N(AH20)=0),"",MAX(M20,AH20)),M20)<=W20,"Yes","No"))) | AH20: =IF(B20="","",IFERROR(INDEX(Periods!$H$5:$H$200,MATCH($B20,Periods!$B$5:$B$200,0)),"")) | AI20: =IF(B20="","",IF(COUNTIFS(Periods!$B$5:$B$200,$B20,Periods!$N$5:$N$200,"Handover")>0,"Handover",IF(COUNTIFS(Periods!$B$5:$B$200,$B20,Periods!$N$5:$N$200,"Delivery")>0,"Delivery",Config!$C$42))) | AO20: =IF(OR(B20="",N(M20)=0),"No",IF(Config!$C$18="Story Points",IF(AND(F20<>"Excluded",LEN(I20)=0),"Yes","No"),IF(AND(OR(AND(F20<>"Excluded",AM20="No group"),AL20="Yes"),OR(LEN(AD20)=0,AND(Config!$C$19="Dev + QA",N(N20)>0,LEN(AE20)=0))),"Yes","No")))
A21: =IF(B21="","",ROW()-3) | H21: =IF(OR(B21="",AND(AD21="",AE21="")),"",N(AD21)+IF(AND(Config!$C$19="Dev + QA",N21<>""),N(AE21),0)) | O21: =IF(B21="","",IF(M21<>"","Done","Open")) | U21: =IF(OR(B21="",F21="Excluded",S21<>"Yes",T21="",AND(AK21="Yes",M21="")),"",IF(N(IF(AI21="Delivery",M21,IF(OR(M21="",N(AH21)=0),"",MAX(M21,AH21))))=0,IF(Config!$C$14<=T21,"Pending","No"),IF(IF(AI21="Delivery",M21,IF(OR(M21="",N(AH21)=0),"",MAX(M21,AH21)))<=T21,"Yes","No"))) | X21: =IF(OR(B21="",F21="Excluded",V21<>"Yes",W21="",AND(AK21="Yes",M21="")),"",IF(N(IF(Config!$C$24="Handover",IF(OR(M21="",N(AH21)=0),"",MAX(M21,AH21)),M21))=0,IF(Config!$C$14<=W21,"Pending","No"),IF(IF(Config!$C$24="Handover",IF(OR(M21="",N(AH21)=0),"",MAX(M21,AH21)),M21)<=W21,"Yes","No"))) | AH21: =IF(B21="","",IFERROR(INDEX(Periods!$H$5:$H$200,MATCH($B21,Periods!$B$5:$B$200,0)),"")) | AI21: =IF(B21="","",IF(COUNTIFS(Periods!$B$5:$B$200,$B21,Periods!$N$5:$N$200,"Handover")>0,"Handover",IF(COUNTIFS(Periods!$B$5:$B$200,$B21,Periods!$N$5:$N$200,"Delivery")>0,"Delivery",Config!$C$42))) | AO21: =IF(OR(B21="",N(M21)=0),"No",IF(Config!$C$18="Story Points",IF(AND(F21<>"Excluded",LEN(I21)=0),"Yes","No"),IF(AND(OR(AND(F21<>"Excluded",AM21="No group"),AL21="Yes"),OR(LEN(AD21)=0,AND(Config!$C$19="Dev + QA",N(N21)>0,LEN(AE21)=0))),"Yes","No")))
A22: =IF(B22="","",ROW()-3) | H22: =IF(OR(B22="",AND(AD22="",AE22="")),"",N(AD22)+IF(AND(Config!$C$19="Dev + QA",N22<>""),N(AE22),0)) | O22: =IF(B22="","",IF(M22<>"","Done","Open")) | U22: =IF(OR(B22="",F22="Excluded",S22<>"Yes",T22="",AND(AK22="Yes",M22="")),"",IF(N(IF(AI22="Delivery",M22,IF(OR(M22="",N(AH22)=0),"",MAX(M22,AH22))))=0,IF(Config!$C$14<=T22,"Pending","No"),IF(IF(AI22="Delivery",M22,IF(OR(M22="",N(AH22)=0),"",MAX(M22,AH22)))<=T22,"Yes","No"))) | X22: =IF(OR(B22="",F22="Excluded",V22<>"Yes",W22="",AND(AK22="Yes",M22="")),"",IF(N(IF(Config!$C$24="Handover",IF(OR(M22="",N(AH22)=0),"",MAX(M22,AH22)),M22))=0,IF(Config!$C$14<=W22,"Pending","No"),IF(IF(Config!$C$24="Handover",IF(OR(M22="",N(AH22)=0),"",MAX(M22,AH22)),M22)<=W22,"Yes","No"))) | AH22: =IF(B22="","",IFERROR(INDEX(Periods!$H$5:$H$200,MATCH($B22,Periods!$B$5:$B$200,0)),"")) | AI22: =IF(B22="","",IF(COUNTIFS(Periods!$B$5:$B$200,$B22,Periods!$N$5:$N$200,"Handover")>0,"Handover",IF(COUNTIFS(Periods!$B$5:$B$200,$B22,Periods!$N$5:$N$200,"Delivery")>0,"Delivery",Config!$C$42))) | AO22: =IF(OR(B22="",N(M22)=0),"No",IF(Config!$C$18="Story Points",IF(AND(F22<>"Excluded",LEN(I22)=0),"Yes","No"),IF(AND(OR(AND(F22<>"Excluded",AM22="No group"),AL22="Yes"),OR(LEN(AD22)=0,AND(Config!$C$19="Dev + QA",N(N22)>0,LEN(AE22)=0))),"Yes","No")))
A23: =IF(B23="","",ROW()-3) | H23: =IF(OR(B23="",AND(AD23="",AE23="")),"",N(AD23)+IF(AND(Config!$C$19="Dev + QA",N23<>""),N(AE23),0)) | O23: =IF(B23="","",IF(M23<>"","Done","Open")) | U23: =IF(OR(B23="",F23="Excluded",S23<>"Yes",T23="",AND(AK23="Yes",M23="")),"",IF(N(IF(AI23="Delivery",M23,IF(OR(M23="",N(AH23)=0),"",MAX(M23,AH23))))=0,IF(Config!$C$14<=T23,"Pending","No"),IF(IF(AI23="Delivery",M23,IF(OR(M23="",N(AH23)=0),"",MAX(M23,AH23)))<=T23,"Yes","No"))) | X23: =IF(OR(B23="",F23="Excluded",V23<>"Yes",W23="",AND(AK23="Yes",M23="")),"",IF(N(IF(Config!$C$24="Handover",IF(OR(M23="",N(AH23)=0),"",MAX(M23,AH23)),M23))=0,IF(Config!$C$14<=W23,"Pending","No"),IF(IF(Config!$C$24="Handover",IF(OR(M23="",N(AH23)=0),"",MAX(M23,AH23)),M23)<=W23,"Yes","No"))) | AH23: =IF(B23="","",IFERROR(INDEX(Periods!$H$5:$H$200,MATCH($B23,Periods!$B$5:$B$200,0)),"")) | AI23: =IF(B23="","",IF(COUNTIFS(Periods!$B$5:$B$200,$B23,Periods!$N$5:$N$200,"Handover")>0,"Handover",IF(COUNTIFS(Periods!$B$5:$B$200,$B23,Periods!$N$5:$N$200,"Delivery")>0,"Delivery",Config!$C$42))) | AO23: =IF(OR(B23="",N(M23)=0),"No",IF(Config!$C$18="Story Points",IF(AND(F23<>"Excluded",LEN(I23)=0),"Yes","No"),IF(AND(OR(AND(F23<>"Excluded",AM23="No group"),AL23="Yes"),OR(LEN(AD23)=0,AND(Config!$C$19="Dev + QA",N(N23)>0,LEN(AE23)=0))),"Yes","No")))
A24: =IF(B24="","",ROW()-3) | H24: =IF(OR(B24="",AND(AD24="",AE24="")),"",N(AD24)+IF(AND(Config!$C$19="Dev + QA",N24<>""),N(AE24),0)) | O24: =IF(B24="","",IF(M24<>"","Done","Open")) | U24: =IF(OR(B24="",F24="Excluded",S24<>"Yes",T24="",AND(AK24="Yes",M24="")),"",IF(N(IF(AI24="Delivery",M24,IF(OR(M24="",N(AH24)=0),"",MAX(M24,AH24))))=0,IF(Config!$C$14<=T24,"Pending","No"),IF(IF(AI24="Delivery",M24,IF(OR(M24="",N(AH24)=0),"",MAX(M24,AH24)))<=T24,"Yes","No"))) | X24: =IF(OR(B24="",F24="Excluded",V24<>"Yes",W24="",AND(AK24="Yes",M24="")),"",IF(N(IF(Config!$C$24="Handover",IF(OR(M24="",N(AH24)=0),"",MAX(M24,AH24)),M24))=0,IF(Config!$C$14<=W24,"Pending","No"),IF(IF(Config!$C$24="Handover",IF(OR(M24="",N(AH24)=0),"",MAX(M24,AH24)),M24)<=W24,"Yes","No"))) | AH24: =IF(B24="","",IFERROR(INDEX(Periods!$H$5:$H$200,MATCH($B24,Periods!$B$5:$B$200,0)),"")) | AI24: =IF(B24="","",IF(COUNTIFS(Periods!$B$5:$B$200,$B24,Periods!$N$5:$N$200,"Handover")>0,"Handover",IF(COUNTIFS(Periods!$B$5:$B$200,$B24,Periods!$N$5:$N$200,"Delivery")>0,"Delivery",Config!$C$42))) | AO24: =IF(OR(B24="",N(M24)=0),"No",IF(Config!$C$18="Story Points",IF(AND(F24<>"Excluded",LEN(I24)=0),"Yes","No"),IF(AND(OR(AND(F24<>"Excluded",AM24="No group"),AL24="Yes"),OR(LEN(AD24)=0,AND(Config!$C$19="Dev + QA",N(N24)>0,LEN(AE24)=0))),"Yes","No")))
A25: =IF(B25="","",ROW()-3) | H25: =IF(OR(B25="",AND(AD25="",AE25="")),"",N(AD25)+IF(AND(Config!$C$19="Dev + QA",N25<>""),N(AE25),0)) | O25: =IF(B25="","",IF(M25<>"","Done","Open")) | U25: =IF(OR(B25="",F25="Excluded",S25<>"Yes",T25="",AND(AK25="Yes",M25="")),"",IF(N(IF(AI25="Delivery",M25,IF(OR(M25="",N(AH25)=0),"",MAX(M25,AH25))))=0,IF(Config!$C$14<=T25,"Pending","No"),IF(IF(AI25="Delivery",M25,IF(OR(M25="",N(AH25)=0),"",MAX(M25,AH25)))<=T25,"Yes","No"))) | X25: =IF(OR(B25="",F25="Excluded",V25<>"Yes",W25="",AND(AK25="Yes",M25="")),"",IF(N(IF(Config!$C$24="Handover",IF(OR(M25="",N(AH25)=0),"",MAX(M25,AH25)),M25))=0,IF(Config!$C$14<=W25,"Pending","No"),IF(IF(Config!$C$24="Handover",IF(OR(M25="",N(AH25)=0),"",MAX(M25,AH25)),M25)<=W25,"Yes","No"))) | AH25: =IF(B25="","",IFERROR(INDEX(Periods!$H$5:$H$200,MATCH($B25,Periods!$B$5:$B$200,0)),"")) | AI25: =IF(B25="","",IF(COUNTIFS(Periods!$B$5:$B$200,$B25,Periods!$N$5:$N$200,"Handover")>0,"Handover",IF(COUNTIFS(Periods!$B$5:$B$200,$B25,Periods!$N$5:$N$200,"Delivery")>0,"Delivery",Config!$C$42))) | AO25: =IF(OR(B25="",N(M25)=0),"No",IF(Config!$C$18="Story Points",IF(AND(F25<>"Excluded",LEN(I25)=0),"Yes","No"),IF(AND(OR(AND(F25<>"Excluded",AM25="No group"),AL25="Yes"),OR(LEN(AD25)=0,AND(Config!$C$19="Dev + QA",N(N25)>0,LEN(AE25)=0))),"Yes","No")))
A26: =IF(B26="","",ROW()-3) | H26: =IF(OR(B26="",AND(AD26="",AE26="")),"",N(AD26)+IF(AND(Config!$C$19="Dev + QA",N26<>""),N(AE26),0)) | O26: =IF(B26="","",IF(M26<>"","Done","Open")) | U26: =IF(OR(B26="",F26="Excluded",S26<>"Yes",T26="",AND(AK26="Yes",M26="")),"",IF(N(IF(AI26="Delivery",M26,IF(OR(M26="",N(AH26)=0),"",MAX(M26,AH26))))=0,IF(Config!$C$14<=T26,"Pending","No"),IF(IF(AI26="Delivery",M26,IF(OR(M26="",N(AH26)=0),"",MAX(M26,AH26)))<=T26,"Yes","No"))) | X26: =IF(OR(B26="",F26="Excluded",V26<>"Yes",W26="",AND(AK26="Yes",M26="")),"",IF(N(IF(Config!$C$24="Handover",IF(OR(M26="",N(AH26)=0),"",MAX(M26,AH26)),M26))=0,IF(Config!$C$14<=W26,"Pending","No"),IF(IF(Config!$C$24="Handover",IF(OR(M26="",N(AH26)=0),"",MAX(M26,AH26)),M26)<=W26,"Yes","No"))) | AH26: =IF(B26="","",IFERROR(INDEX(Periods!$H$5:$H$200,MATCH($B26,Periods!$B$5:$B$200,0)),"")) | AI26: =IF(B26="","",IF(COUNTIFS(Periods!$B$5:$B$200,$B26,Periods!$N$5:$N$200,"Handover")>0,"Handover",IF(COUNTIFS(Periods!$B$5:$B$200,$B26,Periods!$N$5:$N$200,"Delivery")>0,"Delivery",Config!$C$42))) | AO26: =IF(OR(B26="",N(M26)=0),"No",IF(Config!$C$18="Story Points",IF(AND(F26<>"Excluded",LEN(I26)=0),"Yes","No"),IF(AND(OR(AND(F26<>"Excluded",AM26="No group"),AL26="Yes"),OR(LEN(AD26)=0,AND(Config!$C$19="Dev + QA",N(N26)>0,LEN(AE26)=0))),"Yes","No")))
A27: =IF(B27="","",ROW()-3) | H27: =IF(OR(B27="",AND(AD27="",AE27="")),"",N(AD27)+IF(AND(Config!$C$19="Dev + QA",N27<>""),N(AE27),0)) | O27: =IF(B27="","",IF(M27<>"","Done","Open")) | U27: =IF(OR(B27="",F27="Excluded",S27<>"Yes",T27="",AND(AK27="Yes",M27="")),"",IF(N(IF(AI27="Delivery",M27,IF(OR(M27="",N(AH27)=0),"",MAX(M27,AH27))))=0,IF(Config!$C$14<=T27,"Pending","No"),IF(IF(AI27="Delivery",M27,IF(OR(M27="",N(AH27)=0),"",MAX(M27,AH27)))<=T27,"Yes","No"))) | X27: =IF(OR(B27="",F27="Excluded",V27<>"Yes",W27="",AND(AK27="Yes",M27="")),"",IF(N(IF(Config!$C$24="Handover",IF(OR(M27="",N(AH27)=0),"",MAX(M27,AH27)),M27))=0,IF(Config!$C$14<=W27,"Pending","No"),IF(IF(Config!$C$24="Handover",IF(OR(M27="",N(AH27)=0),"",MAX(M27,AH27)),M27)<=W27,"Yes","No"))) | AH27: =IF(B27="","",IFERROR(INDEX(Periods!$H$5:$H$200,MATCH($B27,Periods!$B$5:$B$200,0)),"")) | AI27: =IF(B27="","",IF(COUNTIFS(Periods!$B$5:$B$200,$B27,Periods!$N$5:$N$200,"Handover")>0,"Handover",IF(COUNTIFS(Periods!$B$5:$B$200,$B27,Periods!$N$5:$N$200,"Delivery")>0,"Delivery",Config!$C$42))) | AO27: =IF(OR(B27="",N(M27)=0),"No",IF(Config!$C$18="Story Points",IF(AND(F27<>"Excluded",LEN(I27)=0),"Yes","No"),IF(AND(OR(AND(F27<>"Excluded",AM27="No group"),AL27="Yes"),OR(LEN(AD27)=0,AND(Config!$C$19="Dev + QA",N(N27)>0,LEN(AE27)=0))),"Yes","No")))
A28: =IF(B28="","",ROW()-3) | H28: =IF(OR(B28="",AND(AD28="",AE28="")),"",N(AD28)+IF(AND(Config!$C$19="Dev + QA",N28<>""),N(AE28),0)) | O28: =IF(B28="","",IF(M28<>"","Done","Open")) | U28: =IF(OR(B28="",F28="Excluded",S28<>"Yes",T28="",AND(AK28="Yes",M28="")),"",IF(N(IF(AI28="Delivery",M28,IF(OR(M28="",N(AH28)=0),"",MAX(M28,AH28))))=0,IF(Config!$C$14<=T28,"Pending","No"),IF(IF(AI28="Delivery",M28,IF(OR(M28="",N(AH28)=0),"",MAX(M28,AH28)))<=T28,"Yes","No"))) | X28: =IF(OR(B28="",F28="Excluded",V28<>"Yes",W28="",AND(AK28="Yes",M28="")),"",IF(N(IF(Config!$C$24="Handover",IF(OR(M28="",N(AH28)=0),"",MAX(M28,AH28)),M28))=0,IF(Config!$C$14<=W28,"Pending","No"),IF(IF(Config!$C$24="Handover",IF(OR(M28="",N(AH28)=0),"",MAX(M28,AH28)),M28)<=W28,"Yes","No"))) | AH28: =IF(B28="","",IFERROR(INDEX(Periods!$H$5:$H$200,MATCH($B28,Periods!$B$5:$B$200,0)),"")) | AI28: =IF(B28="","",IF(COUNTIFS(Periods!$B$5:$B$200,$B28,Periods!$N$5:$N$200,"Handover")>0,"Handover",IF(COUNTIFS(Periods!$B$5:$B$200,$B28,Periods!$N$5:$N$200,"Delivery")>0,"Delivery",Config!$C$42))) | AO28: =IF(OR(B28="",N(M28)=0),"No",IF(Config!$C$18="Story Points",IF(AND(F28<>"Excluded",LEN(I28)=0),"Yes","No"),IF(AND(OR(AND(F28<>"Excluded",AM28="No group"),AL28="Yes"),OR(LEN(AD28)=0,AND(Config!$C$19="Dev + QA",N(N28)>0,LEN(AE28)=0))),"Yes","No")))
A29: =IF(B29="","",ROW()-3) | H29: =IF(OR(B29="",AND(AD29="",AE29="")),"",N(AD29)+IF(AND(Config!$C$19="Dev + QA",N29<>""),N(AE29),0)) | O29: =IF(B29="","",IF(M29<>"","Done","Open")) | U29: =IF(OR(B29="",F29="Excluded",S29<>"Yes",T29="",AND(AK29="Yes",M29="")),"",IF(N(IF(AI29="Delivery",M29,IF(OR(M29="",N(AH29)=0),"",MAX(M29,AH29))))=0,IF(Config!$C$14<=T29,"Pending","No"),IF(IF(AI29="Delivery",M29,IF(OR(M29="",N(AH29)=0),"",MAX(M29,AH29)))<=T29,"Yes","No"))) | X29: =IF(OR(B29="",F29="Excluded",V29<>"Yes",W29="",AND(AK29="Yes",M29="")),"",IF(N(IF(Config!$C$24="Handover",IF(OR(M29="",N(AH29)=0),"",MAX(M29,AH29)),M29))=0,IF(Config!$C$14<=W29,"Pending","No"),IF(IF(Config!$C$24="Handover",IF(OR(M29="",N(AH29)=0),"",MAX(M29,AH29)),M29)<=W29,"Yes","No"))) | AH29: =IF(B29="","",IFERROR(INDEX(Periods!$H$5:$H$200,MATCH($B29,Periods!$B$5:$B$200,0)),"")) | AI29: =IF(B29="","",IF(COUNTIFS(Periods!$B$5:$B$200,$B29,Periods!$N$5:$N$200,"Handover")>0,"Handover",IF(COUNTIFS(Periods!$B$5:$B$200,$B29,Periods!$N$5:$N$200,"Delivery")>0,"Delivery",Config!$C$42))) | AO29: =IF(OR(B29="",N(M29)=0),"No",IF(Config!$C$18="Story Points",IF(AND(F29<>"Excluded",LEN(I29)=0),"Yes","No"),IF(AND(OR(AND(F29<>"Excluded",AM29="No group"),AL29="Yes"),OR(LEN(AD29)=0,AND(Config!$C$19="Dev + QA",N(N29)>0,LEN(AE29)=0))),"Yes","No")))
A30: =IF(B30="","",ROW()-3) | H30: =IF(OR(B30="",AND(AD30="",AE30="")),"",N(AD30)+IF(AND(Config!$C$19="Dev + QA",N30<>""),N(AE30),0)) | O30: =IF(B30="","",IF(M30<>"","Done","Open")) | U30: =IF(OR(B30="",F30="Excluded",S30<>"Yes",T30="",AND(AK30="Yes",M30="")),"",IF(N(IF(AI30="Delivery",M30,IF(OR(M30="",N(AH30)=0),"",MAX(M30,AH30))))=0,IF(Config!$C$14<=T30,"Pending","No"),IF(IF(AI30="Delivery",M30,IF(OR(M30="",N(AH30)=0),"",MAX(M30,AH30)))<=T30,"Yes","No"))) | X30: =IF(OR(B30="",F30="Excluded",V30<>"Yes",W30="",AND(AK30="Yes",M30="")),"",IF(N(IF(Config!$C$24="Handover",IF(OR(M30="",N(AH30)=0),"",MAX(M30,AH30)),M30))=0,IF(Config!$C$14<=W30,"Pending","No"),IF(IF(Config!$C$24="Handover",IF(OR(M30="",N(AH30)=0),"",MAX(M30,AH30)),M30)<=W30,"Yes","No"))) | AH30: =IF(B30="","",IFERROR(INDEX(Periods!$H$5:$H$200,MATCH($B30,Periods!$B$5:$B$200,0)),"")) | AI30: =IF(B30="","",IF(COUNTIFS(Periods!$B$5:$B$200,$B30,Periods!$N$5:$N$200,"Handover")>0,"Handover",IF(COUNTIFS(Periods!$B$5:$B$200,$B30,Periods!$N$5:$N$200,"Delivery")>0,"Delivery",Config!$C$42))) | AO30: =IF(OR(B30="",N(M30)=0),"No",IF(Config!$C$18="Story Points",IF(AND(F30<>"Excluded",LEN(I30)=0),"Yes","No"),IF(AND(OR(AND(F30<>"Excluded",AM30="No group"),AL30="Yes"),OR(LEN(AD30)=0,AND(Config!$C$19="Dev + QA",N(N30)>0,LEN(AE30)=0))),"Yes","No")))
... A58: =IF(B58="","",ROW()-3) | H58: =IF(OR(B58="",AND(AD58="",AE58="")),"",N(AD58)+IF(AND(Config!$C$19="Dev + QA",N58<>""),N(AE58),0)) | O58: =IF(B58="","",IF(M58<>"","Done","Open")) | U58: =IF(OR(B58="",F58="Excluded",S58<>"Yes",T58="",AND(AK58="Yes",M58="")),"",IF(N(IF(AI58="Delivery",M58,IF(OR(M58="",N(AH58)=0),"",MAX(M58,AH58))))=0,IF(Config!$C$14<=T58,"Pending","No"),IF(IF(AI58="Delivery",M58,IF(OR(M58="",N(AH58)=0),"",MAX(M58,AH58)))<=T58,"Yes","No"))) | X58: =IF(OR(B58="",F58="Excluded",V58<>"Yes",W58="",AND(AK58="Yes",M58="")),"",IF(N(IF(Config!$C$24="Handover",IF(OR(M58="",N(AH58)=0),"",MAX(M58,AH58)),M58))=0,IF(Config!$C$14<=W58,"Pending","No"),IF(IF(Config!$C$24="Handover",IF(OR(M58="",N(AH58)=0),"",MAX(M58,AH58)),M58)<=W58,"Yes","No"))) | AH58: =IF(B58="","",IFERROR(INDEX(Periods!$H$5:$H$200,MATCH($B58,Periods!$B$5:$B$200,0)),"")) | AI58: =IF(B58="","",IF(COUNTIFS(Periods!$B$5:$B$200,$B58,Periods!$N$5:$N$200,"Handover")>0,"Handover",IF(COUNTIFS(Periods!$B$5:$B$200,$B58,Periods!$N$5:$N$200,"Delivery")>0,"Delivery",Config!$C$42))) | AO58: =IF(OR(B58="",N(M58)=0),"No",IF(Config!$C$18="Story Points",IF(AND(F58<>"Excluded",LEN(I58)=0),"Yes","No"),IF(AND(OR(AND(F58<>"Excluded",AM58="No group"),AL58="Yes"),OR(LEN(AD58)=0,AND(Config!$C$19="Dev + QA",N(N58)>0,LEN(AE58)=0))),"Yes","No")))

Sheet Defect Register
B1: Defect Register (11 rows)
B2: Every bug, observation or improvement reported by QA or the client, including rejected ones.
A3: # | B3: Period | C3: Ticket | D3: Link | E3: Title | F3: Kind | G3: Reported By | H3: Reported On | I3: Phase | J3: Pre-existing? | K3: Rejected? | L3: Rejection Reason | M3: Evidence | N3: Final Status | O3: Counts in Defect Rate? | P3: Remarks and sources | Q3: Check (how this row was decided) | R3: Row ID
A4: =IF(B4="","",ROW()-3) | B4: Initial Scope | C4: Bug 01 | D4: Open | E4: [Web] Bug 01: Warning shown for recurring bookings | F4: Bug | G4: Sample QA | H4: 46221 | I4: Pre-release | J4: No | K4: No | M4: Open | N4: Fixed / Closed | O4: =IF(B4="","",IF(AND(K4<>"Yes",OR(F4="Bug",AND(F4="Observation",Config!$C$20="Yes"),AND(F4="Improvement",Config!$C$21="Yes")),OR(J4<>"Yes",Config!$C$22="Yes"),OR(I4<>"Post-release",Config!$C$23="Yes")),"Yes","No")) | R4: 1200000000000020
A5: =IF(B5="","",ROW()-3) | B5: Initial Scope | C5: Bug 02 | D5: Open | E5: [Tablet] Bug 02: Filter lost when the language changes | F5: Bug | G5: Sample QA | H5: 46222 | I5: Pre-release | J5: No | K5: No | M5: Open | N5: Fixed / Closed | O5: =IF(B5="","",IF(AND(K5<>"Yes",OR(F5="Bug",AND(F5="Observation",Config!$C$20="Yes"),AND(F5="Improvement",Config!$C$21="Yes")),OR(J5<>"Yes",Config!$C$22="Yes"),OR(I5<>"Post-release",Config!$C$23="Yes")),"Yes","No")) | R5: 1200000000000021
A6: =IF(B6="","",ROW()-3) | B6: Initial Scope | C6: Bug 03 | D6: Open | E6: [Web][Existing] Bug 03: Long room names overlap the next column | F6: Bug | G6: Sample QA | H6: 46222 | I6: Pre-release | J6: Yes | K6: No | M6: Open | N6: Fixed / Closed | O6: =IF(B6="","",IF(AND(K6<>"Yes",OR(F6="Bug",AND(F6="Observation",Config!$C$20="Yes"),AND(F6="Improvement",Config!$C$21="Yes")),OR(J6<>"Yes",Config!$C$22="Yes"),OR(I6<>"Post-release",Config!$C$23="Yes")),"Yes","No")) | R6: 1200000000000022
A7: =IF(B7="","",ROW()-3) | B7: Initial Scope | C7: Bug 04 | D7: Open | E7: [Tablet][Exisiting] Bug 04: Button labels cropped on small screens | F7: Bug | G7: Sample QA | H7: 46224 | I7: Pre-release | J7: Yes | K7: No | M7: Open | N7: Fixed / Closed | O7: =IF(B7="","",IF(AND(K7<>"Yes",OR(F7="Bug",AND(F7="Observation",Config!$C$20="Yes"),AND(F7="Improvement",Config!$C$21="Yes")),OR(J7<>"Yes",Config!$C$22="Yes"),OR(I7<>"Post-release",Config!$C$23="Yes")),"Yes","No")) | Q7: read [Exisiting] as Existing | R7: 1200000000000023
A8: =IF(B8="","",ROW()-3) | B8: Initial Scope | C8: Observation 05 | D8: Open | E8: [Web] Observation 05: Email subject could name the building | F8: Observation | G8: Sample QA | H8: 46224 | I8: Pre-release | J8: No | K8: No | M8: Open | N8: Fixed / Closed | O8: =IF(B8="","",IF(AND(K8<>"Yes",OR(F8="Bug",AND(F8="Observation",Config!$C$20="Yes"),AND(F8="Improvement",Config!$C$21="Yes")),OR(J8<>"Yes",Config!$C$22="Yes"),OR(I8<>"Post-release",Config!$C$23="Yes")),"Yes","No")) | R8: 1200000000000024
A9: =IF(B9="","",ROW()-3) | B9: Initial Scope | C9: Bug 06 | D9: Open | E9: [Web] Bug 06: Confirmation email sent twice | F9: Bug | G9: Sample QA | H9: 46225 | I9: Pre-release | J9: No | K9: Yes | L9: Rejected | M9: Open | N9: Rejected | O9: =IF(B9="","",IF(AND(K9<>"Yes",OR(F9="Bug",AND(F9="Observation",Config!$C$20="Yes"),AND(F9="Improvement",Config!$C$21="Yes")),OR(J9<>"Yes",Config!$C$22="Yes"),OR(I9<>"Post-release",Config!$C$23="Yes")),"Yes","No")) | R9: 1200000000000025
A10: =IF(B10="","",ROW()-3) | B10: Initial Scope | C10: Improvement 07 | D10: Open | E10: [Tablet] Improvement 07: Larger confirm button | F10: Improvement | G10: Sample QA | H10: 46227 | I10: Pre-release | J10: No | K10: No | M10: Open | N10: Open | O10: =IF(B10="","",IF(AND(K10<>"Yes",OR(F10="Bug",AND(F10="Observation",Config!$C$20="Yes"),AND(F10="Improvement",Config!$C$21="Yes")),OR(J10<>"Yes",Config!$C$22="Yes"),OR(I10<>"Post-release",Config!$C$23="Yes")),"Yes","No")) | R10: 1200000000000026
A11: =IF(B11="","",ROW()-3) | B11: Initial Scope | C11: Bug 08 | D11: Open | E11: [Web] Bug 08: CSV export ignores the date filter | F11: Bug | G11: Sample Client | H11: 46254 | I11: Post-release | J11: No | K11: No | M11: Open | N11: Fixed / Closed | O11: =IF(B11="","",IF(AND(K11<>"Yes",OR(F11="Bug",AND(F11="Observation",Config!$C$20="Yes"),AND(F11="Improvement",Config!$C$21="Yes")),OR(J11<>"Yes",Config!$C$22="Yes"),OR(I11<>"Post-release",Config!$C$23="Yes")),"Yes","No")) | Q11: period: reported 2026-08-20, after Initial Scope ended and before the next period began (not confirmed) | R11: 1200000000000027
A12: =IF(B12="","",ROW()-3) | B12: Initial Scope | C12: Bug 09 | D12: Open | E12: [Web] Bug 09: Export times out for large buildings | F12: Bug | G12: Sample QA | H12: 46230 | I12: Pre-release | J12: Yes | K12: No | M12: Open | N12: Fixed / Closed | O12: =IF(B12="","",IF(AND(K12<>"Yes",OR(F12="Bug",AND(F12="Observation",Config!$C$20="Yes"),AND(F12="Improvement",Config!$C$21="Yes")),OR(J12<>"Yes",Config!$C$22="Yes"),OR(I12<>"Post-release",Config!$C$23="Yes")),"Yes","No")) | Q12: pre existing: its description or comments say 'not related to this release' (not confirmed) | R12: 1200000000000028
A13: =IF(B13="","",ROW()-3) | B13: Additional Requests 1 | C13: Bug 10 | D13: Open | E13: [Web] Bug 10: Reminder email shows the wrong room | F13: Bug | G13: Sample QA | H13: 46274 | I13: Pre-release | J13: No | K13: No | M13: Open | N13: Fixed / Closed | O13: =IF(B13="","",IF(AND(K13<>"Yes",OR(F13="Bug",AND(F13="Observation",Config!$C$20="Yes"),AND(F13="Improvement",Config!$C$21="Yes")),OR(J13<>"Yes",Config!$C$22="Yes"),OR(I13<>"Post-release",Config!$C$23="Yes")),"Yes","No")) | R13: 1200000000000029
A14: =IF(B14="","",ROW()-3) | B14: Additional Requests 1 | C14: Bug 11 | D14: Open | E14: [Web] Bug 11: Cancelled bookings still shown after sync | F14: Bug | G14: Sample QA | H14: 46276 | I14: Pre-release | J14: No | K14: No | M14: Open | N14: Open | O14: =IF(B14="","",IF(AND(K14<>"Yes",OR(F14="Bug",AND(F14="Observation",Config!$C$20="Yes"),AND(F14="Improvement",Config!$C$21="Yes")),OR(J14<>"Yes",Config!$C$22="Yes"),OR(I14<>"Post-release",Config!$C$23="Yes")),"Yes","No")) | R14: 1200000000000030
A15: =IF(B15="","",ROW()-3) | O15: =IF(B15="","",IF(AND(K15<>"Yes",OR(F15="Bug",AND(F15="Observation",Config!$C$20="Yes"),AND(F15="Improvement",Config!$C$21="Yes")),OR(J15<>"Yes",Config!$C$22="Yes"),OR(I15<>"Post-release",Config!$C$23="Yes")),"Yes","No"))
A16: =IF(B16="","",ROW()-3) | O16: =IF(B16="","",IF(AND(K16<>"Yes",OR(F16="Bug",AND(F16="Observation",Config!$C$20="Yes"),AND(F16="Improvement",Config!$C$21="Yes")),OR(J16<>"Yes",Config!$C$22="Yes"),OR(I16<>"Post-release",Config!$C$23="Yes")),"Yes","No"))
A17: =IF(B17="","",ROW()-3) | O17: =IF(B17="","",IF(AND(K17<>"Yes",OR(F17="Bug",AND(F17="Observation",Config!$C$20="Yes"),AND(F17="Improvement",Config!$C$21="Yes")),OR(J17<>"Yes",Config!$C$22="Yes"),OR(I17<>"Post-release",Config!$C$23="Yes")),"Yes","No"))
A18: =IF(B18="","",ROW()-3) | O18: =IF(B18="","",IF(AND(K18<>"Yes",OR(F18="Bug",AND(F18="Observation",Config!$C$20="Yes"),AND(F18="Improvement",Config!$C$21="Yes")),OR(J18<>"Yes",Config!$C$22="Yes"),OR(I18<>"Post-release",Config!$C$23="Yes")),"Yes","No"))
A19: =IF(B19="","",ROW()-3) | O19: =IF(B19="","",IF(AND(K19<>"Yes",OR(F19="Bug",AND(F19="Observation",Config!$C$20="Yes"),AND(F19="Improvement",Config!$C$21="Yes")),OR(J19<>"Yes",Config!$C$22="Yes"),OR(I19<>"Post-release",Config!$C$23="Yes")),"Yes","No"))
A20: =IF(B20="","",ROW()-3) | O20: =IF(B20="","",IF(AND(K20<>"Yes",OR(F20="Bug",AND(F20="Observation",Config!$C$20="Yes"),AND(F20="Improvement",Config!$C$21="Yes")),OR(J20<>"Yes",Config!$C$22="Yes"),OR(I20<>"Post-release",Config!$C$23="Yes")),"Yes","No"))
A21: =IF(B21="","",ROW()-3) | O21: =IF(B21="","",IF(AND(K21<>"Yes",OR(F21="Bug",AND(F21="Observation",Config!$C$20="Yes"),AND(F21="Improvement",Config!$C$21="Yes")),OR(J21<>"Yes",Config!$C$22="Yes"),OR(I21<>"Post-release",Config!$C$23="Yes")),"Yes","No"))
A22: =IF(B22="","",ROW()-3) | O22: =IF(B22="","",IF(AND(K22<>"Yes",OR(F22="Bug",AND(F22="Observation",Config!$C$20="Yes"),AND(F22="Improvement",Config!$C$21="Yes")),OR(J22<>"Yes",Config!$C$22="Yes"),OR(I22<>"Post-release",Config!$C$23="Yes")),"Yes","No"))
A23: =IF(B23="","",ROW()-3) | O23: =IF(B23="","",IF(AND(K23<>"Yes",OR(F23="Bug",AND(F23="Observation",Config!$C$20="Yes"),AND(F23="Improvement",Config!$C$21="Yes")),OR(J23<>"Yes",Config!$C$22="Yes"),OR(I23<>"Post-release",Config!$C$23="Yes")),"Yes","No"))
A24: =IF(B24="","",ROW()-3) | O24: =IF(B24="","",IF(AND(K24<>"Yes",OR(F24="Bug",AND(F24="Observation",Config!$C$20="Yes"),AND(F24="Improvement",Config!$C$21="Yes")),OR(J24<>"Yes",Config!$C$22="Yes"),OR(I24<>"Post-release",Config!$C$23="Yes")),"Yes","No"))
A25: =IF(B25="","",ROW()-3) | O25: =IF(B25="","",IF(AND(K25<>"Yes",OR(F25="Bug",AND(F25="Observation",Config!$C$20="Yes"),AND(F25="Improvement",Config!$C$21="Yes")),OR(J25<>"Yes",Config!$C$22="Yes"),OR(I25<>"Post-release",Config!$C$23="Yes")),"Yes","No"))
A26: =IF(B26="","",ROW()-3) | O26: =IF(B26="","",IF(AND(K26<>"Yes",OR(F26="Bug",AND(F26="Observation",Config!$C$20="Yes"),AND(F26="Improvement",Config!$C$21="Yes")),OR(J26<>"Yes",Config!$C$22="Yes"),OR(I26<>"Post-release",Config!$C$23="Yes")),"Yes","No"))
... A54: =IF(B54="","",ROW()-3) | O54: =IF(B54="","",IF(AND(K54<>"Yes",OR(F54="Bug",AND(F54="Observation",Config!$C$20="Yes"),AND(F54="Improvement",Config!$C$21="Yes")),OR(J54<>"Yes",Config!$C$22="Yes"),OR(I54<>"Post-release",Config!$C$23="Yes")),"Yes","No"))

Sheet KPI Summary
A1: KPI Summary
A2: Edit either yellow note column. The result summary starts with suggested wording; your edits are kept. The PMS note combines the summary and context. Review items stay on Open Questions. Every push reads this sheet again before preparing the values and notes.
A3: Period | B3: # | C3: KPI | D3: PMS KPI ID | E3: Numerator | F3: Denominator | G3: Value | H3: Target | I3: Min / Max | J3: Status | K3: Needs a reason? | L3: Result summary (editable) | M3: Why / context (editable) | N3: Note sent to PMS (auto, no links) | O3: Computed by the run | P3: Since the last run | Q3: Set value by hand | R3: Why set by hand
A4: Initial Scope | B4: 1 | C4: Velocity | D4: =IFERROR(INDEX(Config!$D$29:$D$37,MATCH($C4,Config!$B$29:$B$37,0)),"") | E4: =IF(Config!$C$18="Story Points",SUMIFS('Task Register'!$I$4:$I$999,'Task Register'!$B$4:$B$999,$A4,'Task Register'!$F$4:$F$999,"<>Excluded",'Task Register'!$M$4:$M$999,">0",'Task Register'!$AO$4:$AO$999,"<>Yes"),SUMIFS('Task Register'!$H$4:$H$999,'Task Register'!$B$4:$B$999,$A4,'Task Register'!$F$4:$F$999,"<>Excluded",'Task Register'!$M$4:$M$999,">0",'Task Register'!$AO$4:$AO$999,"<>Yes",'Task Register'!$AN$4:$AN$999,"<>Yes",'Task Register'!$AM$4:$AM$999,"No group")+SUMIFS('Task Register'!$H$4:$H$999,'Task Register'!$B$4:$B$999,$A4,'Task Register'!$AL$4:$AL$999,"Yes",'Task Register'!$M$4:$M$999,">0",'Task Register'!$AO$4:$AO$999,"<>Yes",'Task Register'!$AN$4:$AN$999,"<>Yes")+N(IFERROR(INDEX(Periods!$M$5:$M$200,MATCH($A4,Periods!$B$5:$B$200,0)),0))) | G4: =IF(Q4<>"",Q4,IF(OR(COUNTIFS('Task Register'!$B$4:$B$999,$A4,'Task Register'!$F$4:$F$999,"<>Excluded",'Task Register'!$M$4:$M$999,">0")=0,COUNTIFS('Task Register'!$B$4:$B$999,$A4,'Task Register'!$AO$4:$AO$999,"Yes")>0,AND(Config!$C$18<>"Story Points",COUNTIFS('Task Register'!$B$4:$B$999,$A4,'Task Register'!$AN$4:$AN$999,"Yes")>0)),"",ROUND(E4,2))) | H4: =IFERROR(INDEX(Config!$F$29:$F$37,MATCH($C4,Config!$B$29:$B$37,0)),"") | I4: =IFERROR(INDEX(Config!$E$29:$E$37,MATCH($C4,Config!$B$29:$B$37,0)),"") | J4: =IF(G4="","Not measured",IF(H4="","Measured",IF(I4="Min",IF(G4>=H4,"Met","Below minimum"),IF(G4<=H4,"Met","Above maximum")))) | K4: =IF(OR(J4="Below minimum",J4="Above maximum"),"Yes","No") | N4: =L4&IF(TRIM(M4)="","",IF(TRIM(L4)="",""," || ")&TRIM(M4)) | P4: =IF(AND(G4="",O4=""),"",IF(AND(ISNUMBER(G4),ISNUMBER(O4)),IF(ABS(G4-O4)<0.006,"","Sheet says "&G4&", the run computed "&O4&". Run again before pushing."),"Changed in the sheet since the run. Run again before pushing."))
A5: Initial Scope | B5: 2 | C5: Task Comprehension | D5: =IFERROR(INDEX(Config!$D$29:$D$37,MATCH($C5,Config!$B$29:$B$37,0)),"") | E5: =COUNTIFS('Task Register'!$B$4:$B$999,$A5,'Task Register'!$F$4:$F$999,"<>Excluded",'Task Register'!$P$4:$P$999,"Yes") | F5: =E5+COUNTIFS('Task Register'!$B$4:$B$999,$A5,'Task Register'!$F$4:$F$999,"<>Excluded",'Task Register'!$P$4:$P$999,"No") | G5: =IF(Q5<>"",Q5,IF(N(F5)=0,"",ROUND(E5/F5*100,2))) | H5: =IFERROR(INDEX(Config!$F$29:$F$37,MATCH($C5,Config!$B$29:$B$37,0)),"") | I5: =IFERROR(INDEX(Config!$E$29:$E$37,MATCH($C5,Config!$B$29:$B$37,0)),"") | J5: =IF(G5="","Not measured",IF(H5="","Measured",IF(I5="Min",IF(G5>=H5,"Met","Below minimum"),IF(G5<=H5,"Met","Above maximum")))) | K5: =IF(OR(J5="Below minimum",J5="Above maximum"),"Yes","No") | L5: The team understood 8 of the 9 assessed items without asking the client to explain the requirement (88.89%). | M5: The shared-room booking requirement did not say which booking should take priority. The client clarified that recurring bookings win. The CSV export task was blocked by unavailable staging access, which did not require an explanation of the requirement. | N5: =L5&IF(TRIM(M5)="","",IF(TRIM(L5)="",""," || ")&TRIM(M5)) | O5: 88.89 | P5: =IF(AND(G5="",O5=""),"",IF(AND(ISNUMBER(G5),ISNUMBER(O5)),IF(ABS(G5-O5)<0.006,"","Sheet says "&G5&", the run computed "&O5&". Run again before pushing."),"Changed in the sheet since the run. Run again before pushing."))
A6: Initial Scope | B6: 3 | C6: Client Expectation | D6: =IFERROR(INDEX(Config!$D$29:$D$37,MATCH($C6,Config!$B$29:$B$37,0)),"") | E6: =COUNTIFS('Task Register'!$B$4:$B$999,$A6,'Task Register'!$F$4:$F$999,"<>Excluded",'Task Register'!$U$4:$U$999,"Yes") | F6: =E6+COUNTIFS('Task Register'!$B$4:$B$999,$A6,'Task Register'!$F$4:$F$999,"<>Excluded",'Task Register'!$U$4:$U$999,"No") | G6: =IF(Q6<>"",Q6,IF(N(F6)=0,"",ROUND(E6/F6*100,2))) | H6: =IFERROR(INDEX(Config!$F$29:$F$37,MATCH($C6,Config!$B$29:$B$37,0)),"") | I6: =IFERROR(INDEX(Config!$E$29:$E$37,MATCH($C6,Config!$B$29:$B$37,0)),"") | J6: =IF(G6="","Not measured",IF(H6="","Measured",IF(I6="Min",IF(G6>=H6,"Met","Below minimum"),IF(G6<=H6,"Met","Above maximum")))) | K6: =IF(OR(J6="Below minimum",J6="Above maximum"),"Yes","No") | L6: All 9 items met the client's agreed deadline, each delivered by 09/11 (100%). || The cycle was handed over on 08/12. | N6: =L6&IF(TRIM(M6)="","",IF(TRIM(L6)="",""," || ")&TRIM(M6)) | O6: 100 | P6: =IF(AND(G6="",O6=""),"",IF(AND(ISNUMBER(G6),ISNUMBER(O6)),IF(ABS(G6-O6)<0.006,"","Sheet says "&G6&", the run computed "&O6&". Run again before pushing."),"Changed in the sheet since the run. Run again before pushing."))
A7: Initial Scope | B7: 4 | C7: Delivery Commitment | D7: =IFERROR(INDEX(Config!$D$29:$D$37,MATCH($C7,Config!$B$29:$B$37,0)),"") | E7: =COUNTIFS('Task Register'!$B$4:$B$999,$A7,'Task Register'!$F$4:$F$999,"<>Excluded",'Task Register'!$X$4:$X$999,"Yes") | F7: =E7+COUNTIFS('Task Register'!$B$4:$B$999,$A7,'Task Register'!$F$4:$F$999,"<>Excluded",'Task Register'!$X$4:$X$999,"No") | G7: =IF(Q7<>"",Q7,IF(N(F7)=0,"",ROUND(E7/F7*100,2))) | H7: =IFERROR(INDEX(Config!$F$29:$F$37,MATCH($C7,Config!$B$29:$B$37,0)),"") | I7: =IFERROR(INDEX(Config!$E$29:$E$37,MATCH($C7,Config!$B$29:$B$37,0)),"") | J7: =IF(G7="","Not measured",IF(H7="","Measured",IF(I7="Min",IF(G7>=H7,"Met","Below minimum"),IF(G7<=H7,"Met","Above maximum")))) | K7: =IF(OR(J7="Below minimum",J7="Above maximum"),"Yes","No") | L7: All 9 assessed items met their recorded commitment dates by 09/11, counted on each item's delivery date (100%). | N7: =L7&IF(TRIM(M7)="","",IF(TRIM(L7)="",""," || ")&TRIM(M7)) | O7: 100 | P7: =IF(AND(G7="",O7=""),"",IF(AND(ISNUMBER(G7),ISNUMBER(O7)),IF(ABS(G7-O7)<0.006,"","Sheet says "&G7&", the run computed "&O7&". Run again before pushing."),"Changed in the sheet since the run. Run again before pushing."))
A8: Initial Scope | B8: 5 | C8: Defect Rate | D8: =IFERROR(INDEX(Config!$D$29:$D$37,MATCH($C8,Config!$B$29:$B$37,0)),"") | E8: =COUNTIFS('Defect Register'!$B$4:$B$999,$A8,'Defect Register'!$O$4:$O$999,"Yes") | F8: =COUNTIFS('Task Register'!$B$4:$B$999,$A8,'Task Register'!$F$4:$F$999,"<>Excluded",'Task Register'!$M$4:$M$999,">0") | G8: =IF(Q8<>"",Q8,IF(N(F8)=0,"",ROUND(E8/F8*100,2))) | H8: =IFERROR(INDEX(Config!$F$29:$F$37,MATCH($C8,Config!$B$29:$B$37,0)),"") | I8: =IFERROR(INDEX(Config!$E$29:$E$37,MATCH($C8,Config!$B$29:$B$37,0)),"") | J8: =IF(G8="","Not measured",IF(H8="","Measured",IF(I8="Min",IF(G8>=H8,"Met","Below minimum"),IF(G8<=H8,"Met","Above maximum")))) | K8: =IF(OR(J8="Below minimum",J8="Above maximum"),"Yes","No") | L8: 3 defects were reported against 9 delivered tickets. That is 33.33 defects per 100 delivered tickets (33.33%). One ticket can have several defects, so this is not the percentage of tickets with a problem. || Another 6 reports were not counted: 3 that were already in the product, 1 observation, 1 improvement and 1 closed as not a bug. | M8: The included reports concern recurring-booking warnings, filter retention and the export date filter. Existing issues, suggestions and the rejected test-harness report remain visible in the register under the agreed exclusions. | N8: =L8&IF(TRIM(M8)="","",IF(TRIM(L8)="",""," || ")&TRIM(M8)) | O8: 33.33 | P8: =IF(AND(G8="",O8=""),"",IF(AND(ISNUMBER(G8),ISNUMBER(O8)),IF(ABS(G8-O8)<0.006,"","Sheet says "&G8&", the run computed "&O8&". Run again before pushing."),"Changed in the sheet since the run. Run again before pushing."))
A9: Initial Scope | B9: 6 | C9: Escaped Defect Rate | D9: =IFERROR(INDEX(Config!$D$29:$D$37,MATCH($C9,Config!$B$29:$B$37,0)),"") | E9: =COUNTIFS('Defect Register'!$B$4:$B$999,$A9,'Defect Register'!$K$4:$K$999,"<>Yes",'Defect Register'!$I$4:$I$999,"Post-release") | F9: =COUNTIFS('Defect Register'!$B$4:$B$999,$A9,'Defect Register'!$K$4:$K$999,"<>Yes") | G9: =IF(Q9<>"",Q9,IF(OR(N(F9)=0,N(IFERROR(INDEX(Periods!$H$5:$H$200,MATCH($A9,Periods!$B$5:$B$200,0)),0))=0),"",ROUND(E9/F9*100,2))) | H9: =IFERROR(INDEX(Config!$F$29:$F$37,MATCH($C9,Config!$B$29:$B$37,0)),"") | I9: =IFERROR(INDEX(Config!$E$29:$E$37,MATCH($C9,Config!$B$29:$B$37,0)),"") | J9: =IF(G9="","Not measured",IF(H9="","Measured",IF(I9="Min",IF(G9>=H9,"Met","Below minimum"),IF(G9<=H9,"Met","Above maximum")))) | K9: =IF(OR(J9="Below minimum",J9="Above maximum"),"Yes","No") | L9: The client found 1 of the 8 valid issues after handover (12.5%). || The cycle was handed over on 08/12. || 1 rejected report is excluded from both counts because it was not accepted as a defect. | M9: After the 08/12 handover, the client reported that the CSV export ignored its date filter. The report was closed on 08/25. | N9: =L9&IF(TRIM(M9)="","",IF(TRIM(L9)="",""," || ")&TRIM(M9)) | O9: 12.5 | P9: =IF(AND(G9="",O9=""),"",IF(AND(ISNUMBER(G9),ISNUMBER(O9)),IF(ABS(G9-O9)<0.006,"","Sheet says "&G9&", the run computed "&O9&". Run again before pushing."),"Changed in the sheet since the run. Run again before pushing."))
A10: Initial Scope | B10: 7 | C10: Defect Rejection Rate | D10: =IFERROR(INDEX(Config!$D$29:$D$37,MATCH($C10,Config!$B$29:$B$37,0)),"") | E10: =COUNTIFS('Defect Register'!$B$4:$B$999,$A10,'Defect Register'!$K$4:$K$999,"Yes") | F10: =COUNTIFS('Defect Register'!$B$4:$B$999,$A10) | G10: =IF(Q10<>"",Q10,IF(N(F10)=0,"",ROUND(E10/F10*100,2))) | H10: =IFERROR(INDEX(Config!$F$29:$F$37,MATCH($C10,Config!$B$29:$B$37,0)),"") | I10: =IFERROR(INDEX(Config!$E$29:$E$37,MATCH($C10,Config!$B$29:$B$37,0)),"") | J10: =IF(G10="","Not measured",IF(H10="","Measured",IF(I10="Min",IF(G10>=H10,"Met","Below minimum"),IF(G10<=H10,"Met","Above maximum")))) | K10: =IF(OR(J10="Below minimum",J10="Above maximum"),"Yes","No") | L10: 1 of the 9 reports turned out not to be a bug (11.11%). || It was closed as rejected. | M10: The duplicate-email report came from the test harness rather than the product, so it was rejected. The decision is recorded in the report's comment. | N10: =L10&IF(TRIM(M10)="","",IF(TRIM(L10)="",""," || ")&TRIM(M10)) | O10: 11.11 | P10: =IF(AND(G10="",O10=""),"",IF(AND(ISNUMBER(G10),ISNUMBER(O10)),IF(ABS(G10-O10)<0.006,"","Sheet says "&G10&", the run computed "&O10&". Run again before pushing."),"Changed in the sheet since the run. Run again before pushing."))
A11: Initial Scope | B11: 8 | C11: Rework Rate | D11: =IFERROR(INDEX(Config!$D$29:$D$37,MATCH($C11,Config!$B$29:$B$37,0)),"") | E11: =SUMIFS('Task Register'!$Z$4:$Z$999,'Task Register'!$B$4:$B$999,$A11,'Task Register'!$F$4:$F$999,"<>Excluded",'Task Register'!$M$4:$M$999,">0",'Task Register'!$AP$4:$AP$999,">0",'Task Register'!$AL$4:$AL$999,"<>Yes",'Task Register'!$Y$4:$Y$999,"Yes") | F11: =COUNTIFS('Task Register'!$B$4:$B$999,$A11,'Task Register'!$F$4:$F$999,"<>Excluded",'Task Register'!$M$4:$M$999,">0",'Task Register'!$AP$4:$AP$999,">0",'Task Register'!$AL$4:$AL$999,"<>Yes",'Task Register'!$Y$4:$Y$999,"Yes")+COUNTIFS('Task Register'!$B$4:$B$999,$A11,'Task Register'!$F$4:$F$999,"<>Excluded",'Task Register'!$M$4:$M$999,">0",'Task Register'!$AP$4:$AP$999,">0",'Task Register'!$AL$4:$AL$999,"<>Yes",'Task Register'!$Y$4:$Y$999,"No") | G11: =IF(Q11<>"",Q11,IF(N(F11)=0,"",ROUND(E11/F11*100,2))) | H11: =IFERROR(INDEX(Config!$F$29:$F$37,MATCH($C11,Config!$B$29:$B$37,0)),"") | I11: =IFERROR(INDEX(Config!$E$29:$E$37,MATCH($C11,Config!$B$29:$B$37,0)),"") | J11: =IF(G11="","Not measured",IF(H11="","Measured",IF(I11="Min",IF(G11>=H11,"Met","Below minimum"),IF(G11<=H11,"Met","Above maximum")))) | K11: =IF(OR(J11="Below minimum",J11="Above maximum"),"Yes","No") | L11: 1 reopening event was recorded across the 8 completed tasks (12.5%). || 2 tasks failed QA while still being tested for the first time. That is normal testing rather than rework, so they are not counted here. || Those events affected 1 ticket; each return after another close is counted separately. | M11: The saved-filter task passed QA on 08/04 and reopened on 08/07 when a tablet restart exposed the reset. It returned to closed on 08/11. The other two QA failures occurred before their first closure and remain ordinary testing. | N11: =L11&IF(TRIM(M11)="","",IF(TRIM(L11)="",""," || ")&TRIM(M11)) | O11: 12.5 | P11: =IF(AND(G11="",O11=""),"",IF(AND(ISNUMBER(G11),ISNUMBER(O11)),IF(ABS(G11-O11)<0.006,"","Sheet says "&G11&", the run computed "&O11&". Run again before pushing."),"Changed in the sheet since the run. Run again before pushing."))
A12: Initial Scope | B12: 9 | C12: CR Rate | D12: =IFERROR(INDEX(Config!$D$29:$D$37,MATCH($C12,Config!$B$29:$B$37,0)),"") | E12: =COUNTIFS('Task Register'!$B$4:$B$999,$A12,'Task Register'!$F$4:$F$999,"CR") | F12: =IF(OR(Config!$C$25="Whole project",COUNTIFS('Task Register'!$B$4:$B$999,$A12,'Task Register'!$F$4:$F$999,"Task")=0),COUNTIFS('Task Register'!$F$4:$F$999,"Task"),COUNTIFS('Task Register'!$B$4:$B$999,$A12,'Task Register'!$F$4:$F$999,"Task")) | G12: =IF(Q12<>"",Q12,IF(N(F12)=0,"",ROUND(E12/F12*100,2))) | H12: =IFERROR(INDEX(Config!$F$29:$F$37,MATCH($C12,Config!$B$29:$B$37,0)),"") | I12: =IFERROR(INDEX(Config!$E$29:$E$37,MATCH($C12,Config!$B$29:$B$37,0)),"") | J12: =IF(G12="","Not measured",IF(H12="","Measured",IF(I12="Min",IF(G12>=H12,"Met","Below minimum"),IF(G12<=H12,"Met","Above maximum")))) | K12: =IF(OR(J12="Below minimum",J12="Above maximum"),"Yes","No") | L12: The client added 2 Additional Requests on top of the 7 planned items (28.57%). | M12: Single sign-on repair and extra room-profile fields were approved on 07/31 and 08/10 in the fictional estimates table. They are recorded as Additional Requests rather than silently added to the original plan. | N12: =L12&IF(TRIM(M12)="","",IF(TRIM(L12)="",""," || ")&TRIM(M12)) | O12: 28.57 | P12: =IF(AND(G12="",O12=""),"",IF(AND(ISNUMBER(G12),ISNUMBER(O12)),IF(ABS(G12-O12)<0.006,"","Sheet says "&G12&", the run computed "&O12&". Run again before pushing."),"Changed in the sheet since the run. Run again before pushing."))
A13: Additional Requests 1 | B13: 1 | C13: Velocity | D13: =IFERROR(INDEX(Config!$D$29:$D$37,MATCH($C13,Config!$B$29:$B$37,0)),"") | E13: =IF(Config!$C$18="Story Points",SUMIFS('Task Register'!$I$4:$I$999,'Task Register'!$B$4:$B$999,$A13,'Task Register'!$F$4:$F$999,"<>Excluded",'Task Register'!$M$4:$M$999,">0",'Task Register'!$AO$4:$AO$999,"<>Yes"),SUMIFS('Task Register'!$H$4:$H$999,'Task Register'!$B$4:$B$999,$A13,'Task Register'!$F$4:$F$999,"<>Excluded",'Task Register'!$M$4:$M$999,">0",'Task Register'!$AO$4:$AO$999,"<>Yes",'Task Register'!$AN$4:$AN$999,"<>Yes",'Task Register'!$AM$4:$AM$999,"No group")+SUMIFS('Task Register'!$H$4:$H$999,'Task Register'!$B$4:$B$999,$A13,'Task Register'!$AL$4:$AL$999,"Yes",'Task Register'!$M$4:$M$999,">0",'Task Register'!$AO$4:$AO$999,"<>Yes",'Task Register'!$AN$4:$AN$999,"<>Yes")+N(IFERROR(INDEX(Periods!$M$5:$M$200,MATCH($A13,Periods!$B$5:$B$200,0)),0))) | G13: =IF(Q13<>"",Q13,IF(OR(COUNTIFS('Task Register'!$B$4:$B$999,$A13,'Task Register'!$F$4:$F$999,"<>Excluded",'Task Register'!$M$4:$M$999,">0")=0,COUNTIFS('Task Register'!$B$4:$B$999,$A13,'Task Register'!$AO$4:$AO$999,"Yes")>0,AND(Config!$C$18<>"Story Points",COUNTIFS('Task Register'!$B$4:$B$999,$A13,'Task Register'!$AN$4:$AN$999,"Yes")>0)),"",ROUND(E13,2))) | H13: =IFERROR(INDEX(Config!$F$29:$F$37,MATCH($C13,Config!$B$29:$B$37,0)),"") | I13: =IFERROR(INDEX(Config!$E$29:$E$37,MATCH($C13,Config!$B$29:$B$37,0)),"") | J13: =IF(G13="","Not measured",IF(H13="","Measured",IF(I13="Min",IF(G13>=H13,"Met","Below minimum"),IF(G13<=H13,"Met","Above maximum")))) | K13: =IF(OR(J13="Below minimum",J13="Above maximum"),"Yes","No") | L13: Delivered work represents 62 estimated hours in this cycle, across 2 delivered items. || That is 56 hours of development and 6 hours of QA. | M13: Both development items reached QA. The reminder-email item also completed QA; the calendar-sync item had not, so its QA estimate is not yet credited. | N13: =L13&IF(TRIM(M13)="","",IF(TRIM(L13)="",""," || ")&TRIM(M13)) | O13: 62 | P13: =IF(AND(G13="",O13=""),"",IF(AND(ISNUMBER(G13),ISNUMBER(O13)),IF(ABS(G13-O13)<0.006,"","Sheet says "&G13&", the run computed "&O13&". Run again before pushing."),"Changed in the sheet since the run. Run again before pushing."))
A14: Additional Requests 1 | B14: 2 | C14: Task Comprehension | D14: =IFERROR(INDEX(Config!$D$29:$D$37,MATCH($C14,Config!$B$29:$B$37,0)),"") | E14: =COUNTIFS('Task Register'!$B$4:$B$999,$A14,'Task Register'!$F$4:$F$999,"<>Excluded",'Task Register'!$P$4:$P$999,"Yes") | F14: =E14+COUNTIFS('Task Register'!$B$4:$B$999,$A14,'Task Register'!$F$4:$F$999,"<>Excluded",'Task Register'!$P$4:$P$999,"No") | G14: =IF(Q14<>"",Q14,IF(N(F14)=0,"",ROUND(E14/F14*100,2))) | H14: =IFERROR(INDEX(Config!$F$29:$F$37,MATCH($C14,Config!$B$29:$B$37,0)),"") | I14: =IFERROR(INDEX(Config!$E$29:$E$37,MATCH($C14,Config!$B$29:$B$37,0)),"") | J14: =IF(G14="","Not measured",IF(H14="","Measured",IF(I14="Min",IF(G14>=H14,"Met","Below minimum"),IF(G14<=H14,"Met","Above maximum")))) | K14: =IF(OR(J14="Below minimum",J14="Above maximum"),"Yes","No") | L14: The team understood all 2 items without asking the client to explain the requirement (100%). | N14: =L14&IF(TRIM(M14)="","",IF(TRIM(L14)="",""," || ")&TRIM(M14)) | O14: 100 | P14: =IF(AND(G14="",O14=""),"",IF(AND(ISNUMBER(G14),ISNUMBER(O14)),IF(ABS(G14-O14)<0.006,"","Sheet says "&G14&", the run computed "&O14&". Run again before pushing."),"Changed in the sheet since the run. Run again before pushing."))
A15: Additional Requests 1 | B15: 3 | C15: Client Expectation | D15: =IFERROR(INDEX(Config!$D$29:$D$37,MATCH($C15,Config!$B$29:$B$37,0)),"") | E15: =COUNTIFS('Task Register'!$B$4:$B$999,$A15,'Task Register'!$F$4:$F$999,"<>Excluded",'Task Register'!$U$4:$U$999,"Yes") | F15: =E15+COUNTIFS('Task Register'!$B$4:$B$999,$A15,'Task Register'!$F$4:$F$999,"<>Excluded",'Task Register'!$U$4:$U$999,"No") | G15: =IF(Q15<>"",Q15,IF(N(F15)=0,"",ROUND(E15/F15*100,2))) | H15: =IFERROR(INDEX(Config!$F$29:$F$37,MATCH($C15,Config!$B$29:$B$37,0)),"") | I15: =IFERROR(INDEX(Config!$E$29:$E$37,MATCH($C15,Config!$B$29:$B$37,0)),"") | J15: =IF(G15="","Not measured",IF(H15="","Measured",IF(I15="Min",IF(G15>=H15,"Met","Below minimum"),IF(G15<=H15,"Met","Above maximum")))) | K15: =IF(OR(J15="Below minimum",J15="Above maximum"),"Yes","No") | L15: All 2 items met the client's agreed deadline, each delivered by 09/11 (100%). || The cycle has not been handed over to the client yet. | N15: =L15&IF(TRIM(M15)="","",IF(TRIM(L15)="",""," || ")&TRIM(M15)) | O15: 100 | P15: =IF(AND(G15="",O15=""),"",IF(AND(ISNUMBER(G15),ISNUMBER(O15)),IF(ABS(G15-O15)<0.006,"","Sheet says "&G15&", the run computed "&O15&". Run again before pushing."),"Changed in the sheet since the run. Run again before pushing."))
A16: Additional Requests 1 | B16: 4 | C16: Delivery Commitment | D16: =IFERROR(INDEX(Config!$D$29:$D$37,MATCH($C16,Config!$B$29:$B$37,0)),"") | E16: =COUNTIFS('Task Register'!$B$4:$B$999,$A16,'Task Register'!$F$4:$F$999,"<>Excluded",'Task Register'!$X$4:$X$999,"Yes") | F16: =E16+COUNTIFS('Task Register'!$B$4:$B$999,$A16,'Task Register'!$F$4:$F$999,"<>Excluded",'Task Register'!$X$4:$X$999,"No") | G16: =IF(Q16<>"",Q16,IF(N(F16)=0,"",ROUND(E16/F16*100,2))) | H16: =IFERROR(INDEX(Config!$F$29:$F$37,MATCH($C16,Config!$B$29:$B$37,0)),"") | I16: =IFERROR(INDEX(Config!$E$29:$E$37,MATCH($C16,Config!$B$29:$B$37,0)),"") | J16: =IF(G16="","Not measured",IF(H16="","Measured",IF(I16="Min",IF(G16>=H16,"Met","Below minimum"),IF(G16<=H16,"Met","Above maximum")))) | K16: =IF(OR(J16="Below minimum",J16="Above maximum"),"Yes","No") | L16: All 2 assessed items met their recorded commitment dates by 09/11, counted on each item's delivery date (100%). | N16: =L16&IF(TRIM(M16)="","",IF(TRIM(L16)="",""," || ")&TRIM(M16)) | O16: 100 | P16: =IF(AND(G16="",O16=""),"",IF(AND(ISNUMBER(G16),ISNUMBER(O16)),IF(ABS(G16-O16)<0.006,"","Sheet says "&G16&", the run computed "&O16&". Run again before pushing."),"Changed in the sheet since the run. Run again before pushing."))
A17: Additional Requests 1 | B17: 5 | C17: Defect Rate | D17: =IFERROR(INDEX(Config!$D$29:$D$37,MATCH($C17,Config!$B$29:$B$37,0)),"") | E17: =COUNTIFS('Defect Register'!$B$4:$B$999,$A17,'Defect Register'!$O$4:$O$999,"Yes") | F17: =COUNTIFS('Task Register'!$B$4:$B$999,$A17,'Task Register'!$F$4:$F$999,"<>Excluded",'Task Register'!$M$4:$M$999,">0") | G17: =IF(Q17<>"",Q17,IF(N(F17)=0,"",ROUND(E17/F17*100,2))) | H17: =IFERROR(INDEX(Config!$F$29:$F$37,MATCH($C17,Config!$B$29:$B$37,0)),"") | I17: =IFERROR(INDEX(Config!$E$29:$E$37,MATCH($C17,Config!$B$29:$B$37,0)),"") | J17: =IF(G17="","Not measured",IF(H17="","Measured",IF(I17="Min",IF(G17>=H17,"Met","Below minimum"),IF(G17<=H17,"Met","Above maximum")))) | K17: =IF(OR(J17="Below minimum",J17="Above maximum"),"Yes","No") | L17: 2 defects were reported against 2 delivered tickets. That is 100 defects per 100 delivered tickets (100%). One ticket can have several defects, so this is not the percentage of tickets with a problem. | M17: The reports concern a wrong room in a reminder email and cancelled bookings remaining after synchronization. The latter remained open at the sample reporting date. | N17: =L17&IF(TRIM(M17)="","",IF(TRIM(L17)="",""," || ")&TRIM(M17)) | O17: 100 | P17: =IF(AND(G17="",O17=""),"",IF(AND(ISNUMBER(G17),ISNUMBER(O17)),IF(ABS(G17-O17)<0.006,"","Sheet says "&G17&", the run computed "&O17&". Run again before pushing."),"Changed in the sheet since the run. Run again before pushing."))
A18: Additional Requests 1 | B18: 6 | C18: Escaped Defect Rate | D18: =IFERROR(INDEX(Config!$D$29:$D$37,MATCH($C18,Config!$B$29:$B$37,0)),"") | E18: =COUNTIFS('Defect Register'!$B$4:$B$999,$A18,'Defect Register'!$K$4:$K$999,"<>Yes",'Defect Register'!$I$4:$I$999,"Post-release") | F18: =COUNTIFS('Defect Register'!$B$4:$B$999,$A18,'Defect Register'!$K$4:$K$999,"<>Yes") | G18: =IF(Q18<>"",Q18,IF(OR(N(F18)=0,N(IFERROR(INDEX(Periods!$H$5:$H$200,MATCH($A18,Periods!$B$5:$B$200,0)),0))=0),"",ROUND(E18/F18*100,2))) | H18: =IFERROR(INDEX(Config!$F$29:$F$37,MATCH($C18,Config!$B$29:$B$37,0)),"") | I18: =IFERROR(INDEX(Config!$E$29:$E$37,MATCH($C18,Config!$B$29:$B$37,0)),"") | J18: =IF(G18="","Not measured",IF(H18="","Measured",IF(I18="Min",IF(G18>=H18,"Met","Below minimum"),IF(G18<=H18,"Met","Above maximum")))) | K18: =IF(OR(J18="Below minimum",J18="Above maximum"),"Yes","No") | N18: =L18&IF(TRIM(M18)="","",IF(TRIM(L18)="",""," || ")&TRIM(M18)) | P18: =IF(AND(G18="",O18=""),"",IF(AND(ISNUMBER(G18),ISNUMBER(O18)),IF(ABS(G18-O18)<0.006,"","Sheet says "&G18&", the run computed "&O18&". Run again before pushing."),"Changed in the sheet since the run. Run again before pushing."))
A19: Additional Requests 1 | B19: 7 | C19: Defect Rejection Rate | D19: =IFERROR(INDEX(Config!$D$29:$D$37,MATCH($C19,Config!$B$29:$B$37,0)),"") | E19: =COUNTIFS('Defect Register'!$B$4:$B$999,$A19,'Defect Register'!$K$4:$K$999,"Yes") | F19: =COUNTIFS('Defect Register'!$B$4:$B$999,$A19) | G19: =IF(Q19<>"",Q19,IF(N(F19)=0,"",ROUND(E19/F19*100,2))) | H19: =IFERROR(INDEX(Config!$F$29:$F$37,MATCH($C19,Config!$B$29:$B$37,0)),"") | I19: =IFERROR(INDEX(Config!$E$29:$E$37,MATCH($C19,Config!$B$29:$B$37,0)),"") | J19: =IF(G19="","Not measured",IF(H19="","Measured",IF(I19="Min",IF(G19>=H19,"Met","Below minimum"),IF(G19<=H19,"Met","Above maximum")))) | K19: =IF(OR(J19="Below minimum",J19="Above maximum"),"Yes","No") | L19: None of the 2 reports were rejected. | N19: =L19&IF(TRIM(M19)="","",IF(TRIM(L19)="",""," || ")&TRIM(M19)) | O19: 0 | P19: =IF(AND(G19="",O19=""),"",IF(AND(ISNUMBER(G19),ISNUMBER(O19)),IF(ABS(G19-O19)<0.006,"","Sheet says "&G19&", the run computed "&O19&". Run again before pushing."),"Changed in the sheet since the run. Run again before pushing."))
A20: Additional Requests 1 | B20: 8 | C20: Rework Rate | D20: =IFERROR(INDEX(Config!$D$29:$D$37,MATCH($C20,Config!$B$29:$B$37,0)),"") | E20: =SUMIFS('Task Register'!$Z$4:$Z$999,'Task Register'!$B$4:$B$999,$A20,'Task Register'!$F$4:$F$999,"<>Excluded",'Task Register'!$M$4:$M$999,">0",'Task Register'!$AP$4:$AP$999,">0",'Task Register'!$AL$4:$AL$999,"<>Yes",'Task Register'!$Y$4:$Y$999,"Yes") | F20: =COUNTIFS('Task Register'!$B$4:$B$999,$A20,'Task Register'!$F$4:$F$999,"<>Excluded",'Task Register'!$M$4:$M$999,">0",'Task Register'!$AP$4:$AP$999,">0",'Task Register'!$AL$4:$AL$999,"<>Yes",'Task Register'!$Y$4:$Y$999,"Yes")+COUNTIFS('Task Register'!$B$4:$B$999,$A20,'Task Register'!$F$4:$F$999,"<>Excluded",'Task Register'!$M$4:$M$999,">0",'Task Register'!$AP$4:$AP$999,">0",'Task Register'!$AL$4:$AL$999,"<>Yes",'Task Register'!$Y$4:$Y$999,"No") | G20: =IF(Q20<>"",Q20,IF(N(F20)=0,"",ROUND(E20/F20*100,2))) | H20: =IFERROR(INDEX(Config!$F$29:$F$37,MATCH($C20,Config!$B$29:$B$37,0)),"") | I20: =IFERROR(INDEX(Config!$E$29:$E$37,MATCH($C20,Config!$B$29:$B$37,0)),"") | J20: =IF(G20="","Not measured",IF(H20="","Measured",IF(I20="Min",IF(G20>=H20,"Met","Below minimum"),IF(G20<=H20,"Met","Above maximum")))) | K20: =IF(OR(J20="Below minimum",J20="Above maximum"),"Yes","No") | L20: The one assessed completed task was not reopened after closing. || Each return after another close is counted separately. | N20: =L20&IF(TRIM(M20)="","",IF(TRIM(L20)="",""," || ")&TRIM(M20)) | O20: 0 | P20: =IF(AND(G20="",O20=""),"",IF(AND(ISNUMBER(G20),ISNUMBER(O20)),IF(ABS(G20-O20)<0.006,"","Sheet says "&G20&", the run computed "&O20&". Run again before pushing."),"Changed in the sheet since the run. Run again before pushing."))
A21: Additional Requests 1 | B21: 9 | C21: CR Rate | D21: =IFERROR(INDEX(Config!$D$29:$D$37,MATCH($C21,Config!$B$29:$B$37,0)),"") | E21: =COUNTIFS('Task Register'!$B$4:$B$999,$A21,'Task Register'!$F$4:$F$999,"CR") | F21: =IF(OR(Config!$C$25="Whole project",COUNTIFS('Task Register'!$B$4:$B$999,$A21,'Task Register'!$F$4:$F$999,"Task")=0),COUNTIFS('Task Register'!$F$4:$F$999,"Task"),COUNTIFS('Task Register'!$B$4:$B$999,$A21,'Task Register'!$F$4:$F$999,"Task")) | G21: =IF(Q21<>"",Q21,IF(N(F21)=0,"",ROUND(E21/F21*100,2))) | H21: =IFERROR(INDEX(Config!$F$29:$F$37,MATCH($C21,Config!$B$29:$B$37,0)),"") | I21: =IFERROR(INDEX(Config!$E$29:$E$37,MATCH($C21,Config!$B$29:$B$37,0)),"") | J21: =IF(G21="","Not measured",IF(H21="","Measured",IF(I21="Min",IF(G21>=H21,"Met","Below minimum"),IF(G21<=H21,"Met","Above maximum")))) | K21: =IF(OR(J21="Below minimum",J21="Above maximum"),"Yes","No") | L21: The client added 2 Additional Requests on top of the 7 planned items (28.57%). || This cycle is made up only of Additional Requests, so they are measured against the planned items of the whole project. | N21: =L21&IF(TRIM(M21)="","",IF(TRIM(L21)="",""," || ")&TRIM(M21)) | O21: 28.57 | P21: =IF(AND(G21="",O21=""),"",IF(AND(ISNUMBER(G21),ISNUMBER(O21)),IF(ABS(G21-O21)<0.006,"","Sheet says "&G21&", the run computed "&O21&". Run again before pushing."),"Changed in the sheet since the run. Run again before pushing."))

Sheet Open Questions
B1: Open Questions
B2: What the sources on file could not answer. Type the answer in the yellow cell; the next run reads it, keeps it, and stops asking. Nothing here was guessed - an unanswered row is left out of the numbers.
A3: # | B3: About | C3: Question | D3: If nobody answers | E3: Your answer | F3: Asked on | G3: ID
A4: =IF(B4="","",ROW()-3) | B4: Delivery documentation | C4: 'Delivery documentation' is in the plan but has no card on the board. Was it delivered, and on what date? | D4: Leave it as not delivered. | F4: 46283 | G4: scope:deliverydocumentation
A5: =IF(B5="","",ROW()-3) | B5: Additional Requests 1 | C5: Additional Requests 1 had a client delivery date of 09/11. When did its build reach the client? It decides Escaped Defect Rate and the client-date check. | D5: Leave it as not handed over yet. | F5: 46283 | G5: handover:Additional Requests 1
A6: =IF(B6="","",ROW()-3) | B6: Initial Scope · Velocity | C6: Review this measurement: Velocity is not measured in hours: 1 of 9 delivered items lack the required estimate. | F6: 46283 | G6: review:Initial Scope|Velocity:44f513bea98c
A7: =IF(B7="","",ROW()-3) | B7: Initial Scope · Velocity | C7: Review this measurement: Record the missing estimate or finish the group whose estimate cannot be split; blank does not mean zero. | F7: 46283 | G7: review:Initial Scope|Velocity:2dc5ca0234a4
A8: =IF(B8="","",ROW()-3) | B8: Initial Scope · Velocity | C8: Review this measurement: Velocity is not measured in hours: 1 of 9 delivered items lack the required estimate. Record the missing estimate or finish the group whose estimate cannot be split; blank does not mean zero. | F8: 46283 | G8: review:Initial Scope|Velocity:ab970eeec24f
A9: =IF(B9="","",ROW()-3) | B9: Initial Scope · Task Comprehension | C9: Review this measurement: 1 other item could not be assessed because individual discussion history was unavailable. | F9: 46283 | G9: review:Initial Scope|Task Comprehension:4a614a2dcd40
A10: =IF(B10="","",ROW()-3) | B10: Initial Scope · Escaped Defect Rate | C10: Review this measurement: The available record does not establish why testing missed it. | F10: 46283 | G10: review:Initial Scope|Escaped Defect Rate:dd4d174099e2
A11: =IF(B11="","",ROW()-3) | B11: Additional Requests 1 · Escaped Defect Rate | C11: Review this measurement: A client handover has not been recorded, so defects found after handover cannot be measured yet. | F11: 46283 | G11: review:Additional Requests 1|Escaped Defect Rate:22581d6d8ed6
A12: =IF(B12="","",ROW()-3) | B12: Additional Requests 1 · Escaped Defect Rate | C12: Review this measurement: A client handover date is not recorded, so escaped defects cannot be assessed yet. | F12: 46283 | G12: review:Additional Requests 1|Escaped Defect Rate:d96b991cda8a
A13: =IF(B13="","",ROW()-3)
A14: =IF(B14="","",ROW()-3)
A15: =IF(B15="","",ROW()-3)
A16: =IF(B16="","",ROW()-3)
A17: =IF(B17="","",ROW()-3)
A18: =IF(B18="","",ROW()-3)
A19: =IF(B19="","",ROW()-3)
A20: =IF(B20="","",ROW()-3)
A21: =IF(B21="","",ROW()-3)
A22: =IF(B22="","",ROW()-3)
A23: =IF(B23="","",ROW()-3)
A24: =IF(B24="","",ROW()-3)

Sheet Run Log
B1: Run Log
B2: What this run read, what it deliberately did not, and how long it took. A run reads the sources on this list and nothing else; anything they could not answer is on the Open Questions tab.
A3: # | B3: Source | C3: State | D3: As of | E3: Note
A4: 1 | B4: issue tracker | C4: read | D4: 46283 | E4: 25 cards; history refreshed for 25, reused for 0 unchanged
A5: 2 | B5: estimates | C5: fresh | D5: a2c1a8dc38b0d6d0
A6: 3 | B6: timeline | C6: fresh | D6: 6d9cb96b34922f52
A7: 4 | B7: chat, mail, other documents | C7: not read | E7: Outside this run's sources. Add one to the profile, or ask for a deep run, to include it.
B9: This run
B10: Run on | C10: 46283
B11: Tool version | C11: 2.1.0
B12: Source-of-truth mode | C12: tracker-first
B13: Cards read | C13: 25
B14: Judged by an assistant or a person (kept) | C14: 0
B15: Waiting for an assistant | C15: 6
B16: Waiting for a person | C16: 9

Sheet PMS Push Log
B1: PMS Push Log
B2: One line each time values are sent to PMS. Added by the push.
A3: # | B3: Pushed On | C3: Period | D3: PMS Period ID | E3: Action | F3: What changed | G3: Note or pushed by | H3: Result
A4: =IF(B4="","",ROW()-3)
A5: =IF(B5="","",ROW()-3)
A6: =IF(B6="","",ROW()-3)
A7: =IF(B7="","",ROW()-3)
A8: =IF(B8="","",ROW()-3)
A9: =IF(B9="","",ROW()-3)
A10: =IF(B10="","",ROW()-3)
A11: =IF(B11="","",ROW()-3)
A12: =IF(B12="","",ROW()-3)
A13: =IF(B13="","",ROW()-3)
A14: =IF(B14="","",ROW()-3)
A15: =IF(B15="","",ROW()-3)
... A23: =IF(B23="","",ROW()-3)
